period,method,country_i,country_j,output_correlation,consumption_correlation,gap,gap_lower,gap_upper
full_common,hp1600,AUS,AUT,0.72657061705632586,0.66516717450812990,0.06140344254819596,-0.20631536379878013,0.30848255109929307
full_common,hp1600,AUS,CAN,0.75239807382046942,0.85399391535095193,-0.10159584153048251,-0.43521090473915258,0.01041854800058160
full_common,hp1600,AUS,CHE,0.59843347213206144,0.69492274292465062,-0.09648927079258918,-0.24445245712861463,0.05131219771777924
full_common,hp1600,AUS,DEU,0.57129724605553167,0.73417222868086152,-0.16287498262532984,-0.39910203326816385,0.01442578736033208
full_common,hp1600,AUS,FRA,0.71182340317055826,0.71259096554629553,-0.00076756237573727,-0.30017126876131905,0.11274311223968557
full_common,hp1600,AUS,GBR,0.78841099492286326,0.81906192263962119,-0.03065092771675793,-0.30495584648774082,0.04424983935179098
full_common,hp1600,AUS,ITA,0.70346557177887170,0.77464159519843667,-0.07117602341956497,-0.54232299962156527,0.04947957993586192
full_common,hp1600,AUS,JPN,0.57878699185223204,0.70542581149890593,-0.12663881964667389,-0.26903285171098890,0.12248824691464809
full_common,hp1600,AUS,USA,0.67994892493520209,0.74560472578155024,-0.06565580084634814,-0.25594394231480871,0.12047753927207441
full_common,hp1600,AUT,CAN,0.86449224421968884,0.85492717968688969,0.00956506453279915,-0.07580002474673629,0.28577230775636309
full_common,hp1600,AUT,CHE,0.84374053032385465,0.88287567704548797,-0.03913514672163332,-0.08998564548583629,0.31909993024933414
full_common,hp1600,AUT,DEU,0.85753805206102873,0.91690831249729887,-0.05937026043627014,-0.11138694482708385,0.18366451117019403
full_common,hp1600,AUT,FRA,0.89241062699779772,0.87310060142492107,0.01931002557287664,-0.03808855377080037,0.38600941127729665
full_common,hp1600,AUT,GBR,0.90525187902436322,0.88178077416294276,0.02347110486142046,-0.01308920160431264,0.39869927247441478
full_common,hp1600,AUT,ITA,0.90476372630823187,0.89934619770144564,0.00541752860678624,-0.04023280477558904,0.24123357562184328
full_common,hp1600,AUT,JPN,0.72484703428869324,0.58076629009572245,0.14408074419297079,0.01636760626748667,0.57391409996838250
full_common,hp1600,AUT,USA,0.77520867118350911,0.73294098506247085,0.04226768612103826,-0.12063559530159056,0.30808894031955236
full_common,hp1600,CAN,CHE,0.79968011655214866,0.84916284284905330,-0.04948272629690464,-0.11095824279438285,0.30852930732684869
full_common,hp1600,CAN,DEU,0.81062749733191475,0.87967695898017306,-0.06904946164825831,-0.22775680569594281,0.30539280794811047
full_common,hp1600,CAN,FRA,0.91624910944203930,0.90219238083103170,0.01405672861100760,-0.06205626767133354,0.16178976710069226
full_common,hp1600,CAN,GBR,0.89754823416378304,0.92846040611841851,-0.03091217195463547,-0.11739541004224943,0.06270292594727273
full_common,hp1600,CAN,ITA,0.86362016192765123,0.87180191888075609,-0.00818175695310486,-0.16570314620655155,0.11936007139292786
full_common,hp1600,CAN,JPN,0.78636049330742874,0.72866038288728541,0.05770011042014334,-0.03137142600485521,0.42833532146222053
full_common,hp1600,CAN,USA,0.85804724671808053,0.81209645753604365,0.04595078918203688,-0.02541041345645244,0.27195428592903642
full_common,hp1600,CHE,DEU,0.85181650821019084,0.91587108886326829,-0.06405458065307745,-0.13074373126613131,0.26174232457330665
full_common,hp1600,CHE,FRA,0.82627120852518299,0.87508268497627673,-0.04881147645109374,-0.09512187199214318,0.29392433759504250
full_common,hp1600,CHE,GBR,0.82008324134718402,0.87250951461349524,-0.05242627326631122,-0.10222976231788355,0.34849311160644819
full_common,hp1600,CHE,ITA,0.84630603647174096,0.84949133978857017,-0.00318530331682920,-0.06284340523947742,0.42889432864211041
full_common,hp1600,CHE,JPN,0.72949739943352687,0.67161387587958798,0.05788352355393889,-0.05291307793522870,0.35322459023342434
full_common,hp1600,CHE,USA,0.76506032728876749,0.71494128487544562,0.05011904241332188,-0.11007298994281513,0.35560863313431212
full_common,hp1600,DEU,FRA,0.85283062726623460,0.88520062821844447,-0.03237000095220988,-0.06620666620112167,0.33746082528862187
full_common,hp1600,DEU,GBR,0.80453376954683609,0.87752551158199554,-0.07299174203515946,-0.14624334967683073,0.38638844649305765
full_common,hp1600,DEU,ITA,0.86245804115469049,0.89660458017238198,-0.03414653901769149,-0.07070342074416523,0.25137412313371515
full_common,hp1600,DEU,JPN,0.80480779580376238,0.63185422715770334,0.17295356864605904,-0.00371685195757003,0.62764481460851407
full_common,hp1600,DEU,USA,0.76113502293368085,0.71284802929151603,0.04828699364216482,-0.24077938881719646,0.36346976069323933
full_common,hp1600,FRA,GBR,0.92285237635729844,0.87641807441250064,0.04643430194479781,-0.01261434095231282,0.25634261600385777
full_common,hp1600,FRA,ITA,0.93817429214955361,0.90914040273454233,0.02903388941501128,-0.04692217574189066,0.11680118756468666
full_common,hp1600,FRA,JPN,0.75671160277461491,0.61310283923997744,0.14360876353463747,0.02147025984539278,0.68819138329108187
full_common,hp1600,FRA,USA,0.84521030642573780,0.80668217637705053,0.03852813004868727,-0.03683552796353368,0.28083956234308355
full_common,hp1600,GBR,ITA,0.91809839463461407,0.88735218587015208,0.03074620876446199,-0.00885087668116719,0.29646527436315867
full_common,hp1600,GBR,JPN,0.77396783664867741,0.72824945802152163,0.04571837862715578,-0.03859217629508963,0.44435547937354675
full_common,hp1600,GBR,USA,0.83468932399999329,0.82802938149023420,0.00665994250975910,-0.04603484218286592,0.15551873041733863
full_common,hp1600,ITA,JPN,0.76042074429986994,0.58352788905182129,0.17689285524804865,0.02775496093006174,0.73781931632106101
full_common,hp1600,ITA,USA,0.76547081250290494,0.79990153231289651,-0.03443071980999157,-0.29295652409687667,0.11922512847679081
full_common,hp1600,JPN,USA,0.80107566165950517,0.61512633433401764,0.18594932732548752,0.03791641956928112,0.61552563365824287
full_common,growth,AUS,AUT,0.63697231288121858,0.43436292522391629,0.20260938765730230,-0.12774666410008023,0.52555045366338438
full_common,growth,AUS,CAN,0.73784247575353812,0.74859511873484863,-0.01075264298131051,-0.36542877937789409,0.41265558158888110
full_common,growth,AUS,CHE,0.60506801448131398,0.61465755936111055,-0.00958954487979657,-0.19906348029882601,0.26162250423431288
full_common,growth,AUS,DEU,0.62601476003146483,0.59646375068358881,0.02955100934787602,-0.23227175445772552,0.36066846043625483
full_common,growth,AUS,FRA,0.64733220138158121,0.59010730860923777,0.05722489277234344,-0.27714067210776172,0.28861685417788252
full_common,growth,AUS,GBR,0.73993628070372020,0.74751100067932907,-0.00757471997560888,-0.21626812873391194,0.17919764501434043
full_common,growth,AUS,ITA,0.66814253346549490,0.63224901604426809,0.03589351742122682,-0.29351730691593980,0.17990836179167988
full_common,growth,AUS,JPN,0.61659065144303549,0.70086496907600437,-0.08427431763296889,-0.24040906533530640,0.09991875295793608
full_common,growth,AUS,USA,0.73336673806445640,0.78152773539119247,-0.04816099732673607,-0.13984894377796978,0.18904175167004786
full_common,growth,AUT,CAN,0.85959989387289937,0.80695844653350268,0.05264144733939669,-0.26082365850328004,0.33373136771796869
full_common,growth,AUT,CHE,0.84503221351221980,0.88532279329393870,-0.04029057978171890,-0.26234226256429422,0.40159599019438474
full_common,growth,AUT,DEU,0.84837438598575954,0.87698968551301215,-0.02861529952725261,-0.30111777539442702,0.39167153044857972
full_common,growth,AUT,FRA,0.90442566952536985,0.83415132927112201,0.07027434025424784,-0.06782647751380963,0.56895655402426770
full_common,growth,AUT,GBR,0.93730693045126723,0.82846591647312950,0.10884101397813772,0.03865384218114633,0.60392581643720100
full_common,growth,AUT,ITA,0.90354782604239670,0.85001644000750676,0.05353138603488994,-0.05007293241177906,0.50685680734825789
full_common,growth,AUT,JPN,0.66996892186453971,0.42765649420666296,0.24231242765787675,0.03963284842801026,0.59669820746846280
full_common,growth,AUT,USA,0.85063936906161097,0.74558384422470414,0.10505552483690683,-0.20465704025482290,0.36271311591797284
full_common,growth,CAN,CHE,0.82421974294060085,0.84695668345855490,-0.02273694051795405,-0.13037557310349310,0.42632845022008264
full_common,growth,CAN,DEU,0.83958842287042690,0.86287626093591219,-0.02328783806548529,-0.33658195325768747,0.46680850220271480
full_common,growth,CAN,FRA,0.91072376369728381,0.88857701542650425,0.02214674827077956,-0.21093443720333066,0.27909799637203775
full_common,growth,CAN,GBR,0.90290878475487224,0.89386585300162313,0.00904293175324911,-0.08678969551878112,0.27059014838295770
full_common,growth,CAN,ITA,0.90485235215719551,0.82442806127226720,0.08042429088492831,-0.04795736262988136,0.29574808778341222
full_common,growth,CAN,JPN,0.71525497407089889,0.65466465343661995,0.06059032063427894,-0.04562299565148836,0.41985985508238888
full_common,growth,CAN,USA,0.89427402596868055,0.88735023543175362,0.00692379053692693,-0.06262468038868556,0.31224796826708906
full_common,growth,CHE,DEU,0.83296086635374067,0.91986155536042147,-0.08690068900668080,-0.29642345999045389,0.54758162317798398
full_common,growth,CHE,FRA,0.83379686587730006,0.88441217191939536,-0.05061530604209530,-0.23426316535270594,0.31258497187323037
full_common,growth,CHE,GBR,0.85976879977520770,0.90820195226609512,-0.04843315249088742,-0.18982863346855222,0.50137176206604706
full_common,growth,CHE,ITA,0.86669424294900266,0.90437855699454395,-0.03768431404554129,-0.13802682902951394,0.58484270267657812
full_common,growth,CHE,JPN,0.66269951126145499,0.58215600064195150,0.08054351061950349,-0.10136495583707185,0.43801547978974276
full_common,growth,CHE,USA,0.83323418132444638,0.81605772759521877,0.01717645372922760,-0.15139981043151329,0.46637572776656272
full_common,growth,DEU,FRA,0.87438358679187456,0.87675091210475342,-0.00236732531287887,-0.10578881952046833,0.62925219202698646
full_common,growth,DEU,GBR,0.88514969443695179,0.87212722831584355,0.01302246612110824,-0.04896224684568529,0.48353590384410949
full_common,growth,DEU,ITA,0.87987104197711252,0.88350948042106703,-0.00363843844395451,-0.14095147719165813,0.44774851580339359
full_common,growth,DEU,JPN,0.74574490280612571,0.55165793774292771,0.19408696506319800,0.05002860032955075,0.68395006435623973
full_common,growth,DEU,USA,0.81159859378809529,0.80551791760638292,0.00608067618171237,-0.34232658685804029,0.30124475492179220
full_common,growth,FRA,GBR,0.92538604872406938,0.84796251483946539,0.07742353388460399,-0.04488063706743804,0.37162762315075187
full_common,growth,FRA,ITA,0.96208062713282749,0.89601108211607849,0.06606954501674900,0.00886772965809823,0.34020466976084812
full_common,growth,FRA,JPN,0.67166422069145948,0.52518648820774161,0.14647773248371787,0.04411812534186597,0.66493953055011690
full_common,growth,FRA,USA,0.89318557236821172,0.84827387499298168,0.04491169737523004,-0.12607780829420029,0.29648385679422723
full_common,growth,GBR,ITA,0.92583648629839155,0.89111934087784328,0.03471714542054827,-0.20749256825440268,0.44362113408849352
full_common,growth,GBR,JPN,0.71540569907080964,0.65975305475956381,0.05565264431124584,-0.04172050229345359,0.45389127177795241
full_common,growth,GBR,USA,0.90431515248117178,0.90248826915591429,0.00182688332525749,-0.14548408128018706,0.20234125796840308
full_common,growth,ITA,JPN,0.69010825866908321,0.54131241664044771,0.14879584202863549,0.04890291119569211,0.50908418334547156
full_common,growth,ITA,USA,0.88439201046655347,0.86866639313678828,0.01572561732976518,-0.41136656511300429,0.07069323846741367
full_common,growth,JPN,USA,0.70665414527484161,0.63625816980995509,0.07039597546488652,-0.01858046492222144,0.42229106488194024
full_common,hamilton,AUS,AUT,0.74311884034180353,0.80068781021376012,-0.05756896987195659,-0.19851671958317177,0.08878528762616809
full_common,hamilton,AUS,CAN,0.73059802962216758,0.90831165486626242,-0.17771362524409484,-0.41273216118207445,-0.03219726825633704
full_common,hamilton,AUS,CHE,0.58955277838711784,0.74539216298975985,-0.15583938460264202,-0.26827739907311604,0.24373683354504316
full_common,hamilton,AUS,DEU,0.49583888132413173,0.70683028175955998,-0.21099140043542824,-0.34611112539812661,0.23100683477538381
full_common,hamilton,AUS,FRA,0.72221337911637917,0.76302777040420755,-0.04081439128782838,-0.21580482154534189,0.08210598470956348
full_common,hamilton,AUS,GBR,0.78072024911999549,0.77420499859879899,0.00651525052119650,-0.10863761342032542,0.17939091969555315
full_common,hamilton,AUS,ITA,0.54787365118925879,0.73280552871168425,-0.18493187752242546,-0.61810623048582003,0.02083777588372330
full_common,hamilton,AUS,JPN,0.50321410830073732,0.65540800402199317,-0.15219389572125586,-0.34443797648273228,0.19149943916129455
full_common,hamilton,AUS,USA,0.59104626860228637,0.48020470183174035,0.11084156677054602,-0.05183819450049611,0.32466269176393237
full_common,hamilton,AUT,CAN,0.77711608860881254,0.89083489340054745,-0.11371880479173491,-0.28514308540033795,0.11251505746716370
full_common,hamilton,AUT,CHE,0.83552928431838125,0.80151215384136487,0.03401713047701638,-0.04420474246957302,0.57688745099084859
full_common,hamilton,AUT,DEU,0.80312132533211156,0.84280332384785184,-0.03968199851574028,-0.15333854642281999,0.31266061222461866
full_common,hamilton,AUT,FRA,0.87679541060446808,0.89709456813690258,-0.02029915753243450,-0.11631697469677223,0.19574014924889713
full_common,hamilton,AUT,GBR,0.84345350721815004,0.83147011133308868,0.01198339588506137,-0.08173582463540806,0.37654595036604815
full_common,hamilton,AUT,ITA,0.71427117303188736,0.81839230527508866,-0.10412113224320130,-0.30737727727916631,0.17534465752976552
full_common,hamilton,AUT,JPN,0.65388814703224718,0.57914249294196396,0.07474565409028322,-0.10329077906242846,0.54469266628256574
full_common,hamilton,AUT,USA,0.61718992937307149,0.52999895656590024,0.08719097280717125,-0.17873487415065961,0.34697659610963844
full_common,hamilton,CAN,CHE,0.67161127386105135,0.79739858872686220,-0.12578731486581085,-0.29267120541569230,0.47032469036357655
full_common,hamilton,CAN,DEU,0.65507578961466228,0.80287761187231177,-0.14780182225764948,-0.39161725845119005,0.28278012467497010
full_common,hamilton,CAN,FRA,0.92631445937387302,0.89994499953722429,0.02636945983664873,-0.02519408956375690,0.19958879934432688
full_common,hamilton,CAN,GBR,0.87162291886928933,0.86859781055683338,0.00302510831245595,-0.09963656953484364,0.23965823376436032
full_common,hamilton,CAN,ITA,0.68338897730587322,0.79892094952733006,-0.11553197222145684,-0.37952794919677169,0.19185828189454332
full_common,hamilton,CAN,JPN,0.70519289164441201,0.67945930690213852,0.02573358474227350,-0.28112531183057343,0.45222639072386489
full_common,hamilton,CAN,USA,0.85418353909116185,0.56078156720746908,0.29340197188369277,0.08747389068762351,0.54844327117047698
full_common,hamilton,CHE,DEU,0.74027973728368612,0.80733277512578661,-0.06705303784210048,-0.22967292031126091,0.30851933982808549
full_common,hamilton,CHE,FRA,0.78758062134233286,0.75638660764658916,0.03119401369574371,-0.09728561418169512,0.55132956553968659
full_common,hamilton,CHE,GBR,0.70832891738863635,0.71340317164424150,-0.00507425425560515,-0.14558543818314898,0.52069715434090980
full_common,hamilton,CHE,ITA,0.69811025148240691,0.63972459463213605,0.05838565685027086,-0.12439357753338806,0.65418734750046459
full_common,hamilton,CHE,JPN,0.58085535040485303,0.63783266962868312,-0.05697731922383009,-0.17604944373819054,0.33785260804058054
full_common,hamilton,CHE,USA,0.55514362965073794,0.45348179977456793,0.10166182987617001,-0.19393606265939387,0.41720910029069685
full_common,hamilton,DEU,FRA,0.73207629625626525,0.83817290332911765,-0.10609660707285240,-0.31211688983335512,0.17646670832299682
full_common,hamilton,DEU,GBR,0.70526687527326781,0.87509750241804962,-0.16983062714478181,-0.37477459012873587,0.04883865393142922
full_common,hamilton,DEU,ITA,0.48458860317657415,0.59741634720253323,-0.11282774402595908,-0.37032619533299660,0.50711048306080930
full_common,hamilton,DEU,JPN,0.71755788626248806,0.55417125259298161,0.16338663366950645,-0.06777150372193455,0.61039930439483114
full_common,hamilton,DEU,USA,0.55590897168105879,0.61817380839229397,-0.06226483671123517,-0.49982163092017551,0.18336815837373616
full_common,hamilton,FRA,GBR,0.90359598456132029,0.83573246599944040,0.06786351856187989,0.00197259724970791,0.29424927624578429
full_common,hamilton,FRA,ITA,0.84040007116096005,0.79853894757163824,0.04186112358932181,-0.06724845751018699,0.28465295091985715
full_common,hamilton,FRA,JPN,0.71624872367895831,0.52907343437136989,0.18717528930758842,-0.03393007413922193,0.74184134489782727
full_common,hamilton,FRA,USA,0.77239727564223892,0.65327693823418320,0.11912033740805572,-0.03869204082967132,0.28451894910309550
full_common,hamilton,GBR,ITA,0.74603345843371571,0.62535339132664236,0.12068006710707335,-0.04672245591545734,0.56416257437065298
full_common,hamilton,GBR,JPN,0.79356767160730879,0.68015397475737860,0.11341369684993019,-0.01071643079490869,0.44852572456264522
full_common,hamilton,GBR,USA,0.75676558358348134,0.66008264557879903,0.09668293800468231,0.00070320758441288,0.19373853243273648
full_common,hamilton,ITA,JPN,0.60921142262235484,0.50888316211713247,0.10032826050522237,-0.08318199883228511,0.61501350814189970
full_common,hamilton,ITA,USA,0.54631942734402827,0.35664207891189120,0.18967734843213707,-0.11540822390058762,0.54443821588407904
full_common,hamilton,JPN,USA,0.66224705203909606,0.30051415831966727,0.36173289371942879,0.06975750735306596,0.65738326678208769
pre_pandemic,hp1600,AUS,AUT,0.38215243977082847,0.39917388197831116,-0.01702144220748270,-0.34631661258675123,0.19782919311914743
pre_pandemic,hp1600,AUS,CAN,0.29113001861130683,0.56250306530770044,-0.27137304669639362,-0.46592661525270318,0.04779376952655149
pre_pandemic,hp1600,AUS,CHE,0.18778601251152141,0.07670569139805417,0.11108032111346725,-0.17045133884235197,0.34755058633777469
pre_pandemic,hp1600,AUS,DEU,0.22424120428706815,0.28000130354010100,-0.05576009925303285,-0.39997194719206397,0.20072783744923911
pre_pandemic,hp1600,AUS,FRA,0.24728856921992615,0.35208369827923275,-0.10479512905930660,-0.32751840345370853,0.18541624900170800
pre_pandemic,hp1600,AUS,GBR,0.33790238999713862,0.54923015486134230,-0.21132776486420368,-0.37048107880557873,0.08215364790248304
pre_pandemic,hp1600,AUS,ITA,0.03632778140618782,0.49138448698422915,-0.45505670557804134,-0.86153342118156440,-0.13703293409629314
pre_pandemic,hp1600,AUS,JPN,0.25029887915177557,0.16585498648479299,0.08444389266698257,-0.16488834863441337,0.39015027074112246
pre_pandemic,hp1600,AUS,USA,0.43612784363651425,0.63001523838121387,-0.19388739474469963,-0.36306957993076266,0.00122949161159717
pre_pandemic,hp1600,AUT,CAN,0.71717905893769396,0.30664830181508662,0.41053075712260734,0.11686308233289661,0.61796044391507388
pre_pandemic,hp1600,AUT,CHE,0.75032685798370458,0.32163200572558770,0.42869485225811688,0.11796023275415550,0.71489140418802810
pre_pandemic,hp1600,AUT,DEU,0.85724549389227156,0.58522813333325330,0.27201736055901826,0.01213994352393251,0.45239420047248369
pre_pandemic,hp1600,AUT,FRA,0.88389948772027016,0.35327488418735553,0.53062460353291463,0.27727640850008467,0.75043160942338039
pre_pandemic,hp1600,AUT,GBR,0.74272748944101197,0.18942818100908410,0.55329930843192787,0.10220491636475065,0.75742706944724092
pre_pandemic,hp1600,AUT,ITA,0.81420277734690538,0.52373231175358625,0.29047046559331913,0.02781939406558542,0.48156566028139014
pre_pandemic,hp1600,AUT,JPN,0.64719081635590248,0.03959249198766242,0.60759832436824002,0.19896314100142087,0.75832418753039599
pre_pandemic,hp1600,AUT,USA,0.68579122261141401,0.39751270640070246,0.28827851621071154,-0.10515522546371432,0.52762333150217799
pre_pandemic,hp1600,CAN,CHE,0.65310327243837940,0.20491300936359311,0.44819026307478627,0.20597629159589598,0.65562515016711875
pre_pandemic,hp1600,CAN,DEU,0.71942333409408143,0.28625365566669941,0.43316967842738202,-0.03810132689821732,0.69003488711147454
pre_pandemic,hp1600,CAN,FRA,0.82879585428183722,0.60121703179376351,0.22757882248807371,0.04893242348959178,0.39696398174806341
pre_pandemic,hp1600,CAN,GBR,0.71810819104537538,0.61053607478230487,0.10757211626307051,-0.06166817215305937,0.53014726709696225
pre_pandemic,hp1600,CAN,ITA,0.59755923886883322,0.45244026668279785,0.14511897218603537,-0.19712101198420989,0.28659567463488178
pre_pandemic,hp1600,CAN,JPN,0.69220231739032567,0.27811219302399115,0.41409012436633452,0.13179125044987419,0.58274301252679661
pre_pandemic,hp1600,CAN,USA,0.77723450091884416,0.63445398617703852,0.14278051474180564,0.02206551506189028,0.32885769987671226
pre_pandemic,hp1600,CHE,DEU,0.78444804669500057,0.46835028655417643,0.31609776014082414,0.05917729004058567,0.65916060052881154
pre_pandemic,hp1600,CHE,FRA,0.79804743625082086,0.41090150912050805,0.38714592713031282,0.18010394886175007,0.60242857875552291
pre_pandemic,hp1600,CHE,GBR,0.71332779712954575,0.26663939539809622,0.44668840173144952,0.15183857343537496,0.59502898953548311
pre_pandemic,hp1600,CHE,ITA,0.73543451485041300,0.21529023064478015,0.52014428420563286,0.16234064937492915,0.84030521664612567
pre_pandemic,hp1600,CHE,JPN,0.60276642453498852,0.29599770188257024,0.30676872265241828,-0.09319506158793282,0.51988770444090271
pre_pandemic,hp1600,CHE,USA,0.62661874703195308,0.38006051801192847,0.24655822902002461,-0.05513036944821015,0.49015624755831144
pre_pandemic,hp1600,DEU,FRA,0.88332680813289166,0.48316109457076906,0.40016571356212260,0.11125584723292933,0.67052919306954128
pre_pandemic,hp1600,DEU,GBR,0.79029568267629868,0.23615764097997505,0.55413804169632364,0.13584135464118663,0.68717994091265178
pre_pandemic,hp1600,DEU,ITA,0.87865068013740999,0.55342333360830109,0.32522734652910890,0.09014624993849774,0.54614434126939548
pre_pandemic,hp1600,DEU,JPN,0.72916790968973555,0.08250740710358474,0.64666050258615082,0.23185408973772681,0.88130238172463182
pre_pandemic,hp1600,DEU,USA,0.61003104171001288,0.54308141408372690,0.06694962762628598,-0.47465346873613173,0.36540197771351463
pre_pandemic,hp1600,FRA,GBR,0.77237266105346813,0.44324868161633230,0.32912397943713584,0.09043808092268489,0.53395902986632482
pre_pandemic,hp1600,FRA,ITA,0.81990901646586367,0.71508048588581485,0.10482853058004882,-0.14295175757060710,0.24413431194103399
pre_pandemic,hp1600,FRA,JPN,0.73135096352932183,0.03719917221607817,0.69415179131324367,0.33134162514956411,0.92041761149205104
pre_pandemic,hp1600,FRA,USA,0.74476189563472139,0.53106190199353842,0.21369999364118297,-0.07223539803927391,0.41475825379123238
pre_pandemic,hp1600,GBR,ITA,0.72535293191567007,0.32595952414465379,0.39939340777101628,0.11194335321396308,0.51018443252226631
pre_pandemic,hp1600,GBR,JPN,0.83081383145648235,0.37356440875431318,0.45724942270216917,0.21857726553067250,0.74780177745311860
pre_pandemic,hp1600,GBR,USA,0.78918435292253819,0.65893173310033470,0.13025261982220349,0.02936317286149072,0.30312285495039215
pre_pandemic,hp1600,ITA,JPN,0.68068593215176043,-0.13651488074000961,0.81720081289177005,0.37961249857206075,1.00375841754585804
pre_pandemic,hp1600,ITA,USA,0.53922199118352265,0.57872112460356073,-0.03949913342003808,-0.54106378353443119,0.19779922969498878
pre_pandemic,hp1600,JPN,USA,0.71693940905607800,0.19705668929169759,0.51988271976438039,0.23163178079041161,0.77436019662438405
pre_pandemic,growth,AUS,AUT,0.22033730171609686,0.19712024927243896,0.02321705244365790,-0.28903109108245795,0.25283871489948778
pre_pandemic,growth,AUS,CAN,0.10349814987720525,0.36428615185143387,-0.26078800197422863,-0.45061301305467699,-0.01661294875486296
pre_pandemic,growth,AUS,CHE,0.14130774509358943,0.10915612780478166,0.03215161728880776,-0.21469718857355788,0.22560686780518227
pre_pandemic,growth,AUS,DEU,0.00646216962522072,0.02480084515587439,-0.01833867553065367,-0.39348226286703175,0.28376628490002170
pre_pandemic,growth,AUS,FRA,0.13706509477675569,0.27242115526037569,-0.13535606048362001,-0.42163557391878254,0.10365160378975709
pre_pandemic,growth,AUS,GBR,0.20574977238104297,0.27453460619935682,-0.06878483381831385,-0.30071116301377293,0.26955890082378564
pre_pandemic,growth,AUS,ITA,0.07920827622808559,0.28147286761771179,-0.20226459138962621,-0.47379144024921321,0.00312383411912013
pre_pandemic,growth,AUS,JPN,0.14507785447379426,0.14664602978449423,-0.00156817531069997,-0.20123690494909358,0.22352098274863438
pre_pandemic,growth,AUS,USA,0.27056964418458768,0.30774774164119040,-0.03717809745660272,-0.31182984454582163,0.24438965633485818
pre_pandemic,growth,AUT,CAN,0.45476373573413131,0.18476914972844294,0.26999458600568838,-0.11460461295264689,0.48682360171571265
pre_pandemic,growth,AUT,CHE,0.45174259115857462,0.16909967607321558,0.28264291508535905,-0.25511447526052511,0.66199712326527982
pre_pandemic,growth,AUT,DEU,0.46674481720194100,0.08873734371427346,0.37800747348766756,-0.03388077702799946,0.62646780859644446
pre_pandemic,growth,AUT,FRA,0.64754597016429838,0.08769224799504545,0.55985372216925289,0.25535803275391106,0.74188625010614251
pre_pandemic,growth,AUT,GBR,0.57786863925455423,0.03104844268135407,0.54682019657320013,0.03409546391980103,0.82457342790631116
pre_pandemic,growth,AUT,ITA,0.63050589498440657,0.14249533665615402,0.48801055832825257,0.08142501500310521,0.70449532938079740
pre_pandemic,growth,AUT,JPN,0.36559464176965883,-0.00190491600614153,0.36749955777580035,-0.05731410367560806,0.65502733673152180
pre_pandemic,growth,AUT,USA,0.47092682903438632,0.23891275321895092,0.23201407581543540,-0.28070403223850082,0.56330869260862759
pre_pandemic,growth,CAN,CHE,0.41842826634262043,0.06435872448713989,0.35406954185548056,-0.07986850400029183,0.57919577041983417
pre_pandemic,growth,CAN,DEU,0.46029006124879202,0.09369376350542433,0.36659629774336766,-0.13460895195928246,0.60376265024433506
pre_pandemic,growth,CAN,FRA,0.57296157215653654,0.31679967451228352,0.25616189764425301,-0.04048551739789885,0.39857458525960665
pre_pandemic,growth,CAN,GBR,0.51150339324006111,0.30518727040738369,0.20631612283267742,-0.08161112565004069,0.50250546087182701
pre_pandemic,growth,CAN,ITA,0.51269541366419225,0.35953530938224865,0.15316010428194360,-0.12183238582791570,0.28706400942097204
pre_pandemic,growth,CAN,JPN,0.37484841262820939,0.09357884076415716,0.28126957186405221,-0.06714945227151373,0.47142864572741422
pre_pandemic,growth,CAN,USA,0.54216316582866564,0.42566037176578203,0.11650279406288361,-0.17195717414985215,0.30108034172936321
pre_pandemic,growth,CHE,DEU,0.51549168165232417,0.01555883348240282,0.49993284816992134,-0.03086144547578513,0.85925141648486869
pre_pandemic,growth,CHE,FRA,0.43863217251002418,0.22887075927673972,0.20976141323328445,-0.28680556893158060,0.50467060514594320
pre_pandemic,growth,CHE,GBR,0.50739872748993808,0.05177686688550619,0.45562186060443188,0.05754023038074057,0.67086739313035881
pre_pandemic,growth,CHE,ITA,0.56583944280975162,0.03290960601233874,0.53292983679741290,0.08001790547537585,0.83463617145194746
pre_pandemic,growth,CHE,JPN,0.33593906672621537,0.17893426429081710,0.15700480243539827,-0.33191599187680304,0.45334673925330593
pre_pandemic,growth,CHE,USA,0.49761370217886391,0.13559543504288388,0.36201826713598007,-0.06586842248726528,0.60270839416301591
pre_pandemic,growth,DEU,FRA,0.62606762267442673,0.04599280275401393,0.58007481992041277,0.21666801673440494,0.76795321485306256
pre_pandemic,growth,DEU,GBR,0.61222007728456729,0.20532776468279990,0.40689231260176739,-0.00017170689148629,0.57547324037056291
pre_pandemic,growth,DEU,ITA,0.64765459641932355,0.21340352854894651,0.43425106787037704,0.13099667702727125,0.62238137816155714
pre_pandemic,growth,DEU,JPN,0.55030850938191089,0.11277209868223405,0.43753641069967686,-0.02273674102985253,0.70371409481895297
pre_pandemic,growth,DEU,USA,0.31548354574385118,0.26394363866432552,0.05153990707952566,-0.46384137937010211,0.34629117037892138
pre_pandemic,growth,FRA,GBR,0.63270996867564755,0.28961747325981252,0.34309249541583503,-0.00489022371474917,0.48923179467543271
pre_pandemic,growth,FRA,ITA,0.68756630994842227,0.47549255740468238,0.21207375254373989,-0.05379850174233902,0.40137238352425059
pre_pandemic,growth,FRA,JPN,0.46570795066775084,-0.07383125998669186,0.53953921065444266,0.17247952800982833,0.82578323654548702
pre_pandemic,growth,FRA,USA,0.46921866432617276,0.32912810635035356,0.14009055797581921,-0.30639483866158002,0.37372627985094886
pre_pandemic,growth,GBR,ITA,0.68076934725928817,0.30574768230702404,0.37502166495226413,0.01766249290140353,0.53351053257714220
pre_pandemic,growth,GBR,JPN,0.55491355785642094,0.17441755399709524,0.38049600385932569,0.06654041415666728,0.56781260874179240
pre_pandemic,growth,GBR,USA,0.61473148285448176,0.45183603650933368,0.16289544634514808,-0.06462044459315033,0.30535891448582131
pre_pandemic,growth,ITA,JPN,0.45825697791629877,0.02515636803011381,0.43310060988618493,0.06998917103943457,0.63990303193209330
pre_pandemic,growth,ITA,USA,0.42287104818610716,0.49989021815116008,-0.07701916996505292,-0.49590790224094916,0.12941962256152600
pre_pandemic,growth,JPN,USA,0.38613513489494450,0.03463435133325108,0.35150078356169340,0.01101149845695367,0.50945835624324032
pre_pandemic,hamilton,AUS,AUT,0.44299340201885312,0.48617601126977289,-0.04318260925091977,-0.44644942143104094,0.20456348072781400
pre_pandemic,hamilton,AUS,CAN,0.39255275231391712,0.60525377145962533,-0.21270101914570821,-0.60726925222884620,0.16960511614873899
pre_pandemic,hamilton,AUS,CHE,0.20221300907463377,0.07176199151951285,0.13045101755512092,-0.23742342130496302,0.49962440712856537
pre_pandemic,hamilton,AUS,DEU,0.32482928902602259,0.10699453444978731,0.21783475457623530,-0.26243248105432088,0.53406323420814095
pre_pandemic,hamilton,AUS,FRA,0.31944548309915732,0.29967000959248008,0.01977547350667724,-0.34278954801737638,0.31817792202487055
pre_pandemic,hamilton,AUS,GBR,0.33167959328018343,0.16371234223675141,0.16796725104343202,-0.10678078432669215,0.37165352610031122
pre_pandemic,hamilton,AUS,ITA,-0.09905035637906438,0.46641230921264165,-0.56546266559170599,-0.92045698863518022,-0.19065731153767376
pre_pandemic,hamilton,AUS,JPN,0.21076233867394531,0.05668449593895952,0.15407784273498579,-0.40273445134145569,0.55729384753396627
pre_pandemic,hamilton,AUS,USA,0.47687317090316478,0.34912528975993351,0.12774788114323127,-0.11129607569637781,0.32197205443197202
pre_pandemic,hamilton,AUT,CAN,0.68565057948186003,0.45070268948811676,0.23494788999374328,-0.20466468201678428,0.46768905146122197
pre_pandemic,hamilton,AUT,CHE,0.74767391495187929,0.12000836540406995,0.62766554954780940,0.25948147687486084,1.05607686969792325
pre_pandemic,hamilton,AUT,DEU,0.80279280127773844,0.50137515227422935,0.30141764900350909,0.02464417321140113,0.52620877626144780
pre_pandemic,hamilton,AUT,FRA,0.88107930283473057,0.55414813395844942,0.32693116887628115,0.15169350774664592,0.52062042391910601
pre_pandemic,hamilton,AUT,GBR,0.68198091637332781,0.22889660177096935,0.45308431460235843,0.07216330200193592,0.66602852504029930
pre_pandemic,hamilton,AUT,ITA,0.63597579996702758,0.58763795657918028,0.04833784338784730,-0.27718903040639253,0.33132755219007481
pre_pandemic,hamilton,AUT,JPN,0.56746273009338810,-0.07685556881605267,0.64431829890944081,0.13378011859900688,0.90091056457134233
pre_pandemic,hamilton,AUT,USA,0.60578059951949081,0.35147243300985037,0.25430816650964044,-0.13892857580595835,0.48829793157062146
pre_pandemic,hamilton,CAN,CHE,0.51987043467657734,-0.04608330013473091,0.56595373481130828,0.22664927639139518,1.04026623821715369
pre_pandemic,hamilton,CAN,DEU,0.70768980552707228,0.15172145321120564,0.55596835231586661,0.13146186664598852,0.75544795098657158
pre_pandemic,hamilton,CAN,FRA,0.83910208836118882,0.64691867898777922,0.19218340937340961,-0.12834552633775573,0.38909402106616464
pre_pandemic,hamilton,CAN,GBR,0.78252040853904103,0.41785720231946061,0.36466320621958043,-0.03442372343133664,0.64269747957407786
pre_pandemic,hamilton,CAN,ITA,0.27822584054715227,0.52303557965428193,-0.24480973910712966,-0.79614192828096653,0.27643753957429862
pre_pandemic,hamilton,CAN,JPN,0.64931165443005123,0.15634055500090316,0.49297109942914807,-0.11267198695340989,0.81869737884515248
pre_pandemic,hamilton,CAN,USA,0.82231463323377441,0.40545953566962306,0.41685509756415134,-0.00007311289019131,0.70792188610196027
pre_pandemic,hamilton,CHE,DEU,0.71618272864945287,0.35589588107968939,0.36028684756976348,0.06558469268497766,0.78281060284614368
pre_pandemic,hamilton,CHE,FRA,0.74725047091508257,0.07336462813306092,0.67388584278202168,0.26866683196673991,1.12751962602746603
pre_pandemic,hamilton,CHE,GBR,0.50896689194890476,0.04967592327370620,0.45929096867519859,0.12057080826851754,0.74384775907670286
pre_pandemic,hamilton,CHE,ITA,0.59549741403066681,-0.16788035415461464,0.76337776818528147,0.22288822185967130,1.25509615022565746
pre_pandemic,hamilton,CHE,JPN,0.47450727539597432,0.14143857790955405,0.33306869748642026,-0.10127750530643928,0.72116800451562801
pre_pandemic,hamilton,CHE,USA,0.43041605808179534,0.07503324749363702,0.35538281058815835,-0.02355786659046225,0.75685123196333515
pre_pandemic,hamilton,DEU,FRA,0.84153440458108575,0.49668482431664307,0.34484958026444268,0.03051385445706635,0.59461684108261448
pre_pandemic,hamilton,DEU,GBR,0.70681753325784036,0.49021175038189180,0.21660578287594856,-0.20046628838331632,0.40113626174833228
pre_pandemic,hamilton,DEU,ITA,0.46423919221487253,0.13696408474685445,0.32727510746801808,-0.23109608107143143,0.71865488171523395
pre_pandemic,hamilton,DEU,JPN,0.62901521399563998,-0.08984459053457600,0.71885980453021592,0.33472877789902855,0.93137855353857468
pre_pandemic,hamilton,DEU,USA,0.54782010287494587,0.64632872584835721,-0.09850862297341134,-0.66151762682239901,0.10904290771997616
pre_pandemic,hamilton,FRA,GBR,0.78235038532224588,0.49639852403953488,0.28595186128271100,-0.09922539873968685,0.48855034229018057
pre_pandemic,hamilton,FRA,ITA,0.59876666362797148,0.67663289327558374,-0.07786622964761225,-0.31548605213191577,0.22264686638788969
pre_pandemic,hamilton,FRA,JPN,0.67682013989994649,-0.08633773739487387,0.76315787729482032,0.29187270221508538,1.03880459076385701
pre_pandemic,hamilton,FRA,USA,0.72876054912599619,0.55375689742438239,0.17500365170161380,-0.14743971223472346,0.27717566929106263
pre_pandemic,hamilton,GBR,ITA,0.46997683115026884,0.10522476400064830,0.36475206714962055,-0.02718204241742439,0.56380315272813819
pre_pandemic,hamilton,GBR,JPN,0.82930497288648719,0.30804014082488285,0.52126483206160434,0.27331746721992045,0.89790513169648012
pre_pandemic,hamilton,GBR,USA,0.80483648365366112,0.80484513495331189,-0.00000865129965077,-0.20606610035154438,0.08972249117028705
pre_pandemic,hamilton,ITA,JPN,0.47943554253194265,-0.19414779461227072,0.67358333714421337,0.17144472954595680,0.83388596699743189
pre_pandemic,hamilton,ITA,USA,0.27189027127806537,0.26035933148216078,0.01153093979590458,-0.46969869357112898,0.27457897049710078
pre_pandemic,hamilton,JPN,USA,0.63841582958360332,0.11649086566932929,0.52192496391427401,0.22896030596097092,0.87321425755341031
thesis_overlap,hp1600,AUS,AUT,0.39188071968133642,0.39475827984284584,-0.00287756016150942,-0.34893075147427816,0.22365754270764931
thesis_overlap,hp1600,AUS,CAN,0.28758948980605070,0.54469071962352855,-0.25710122981747785,-0.47999599294039058,0.15932878608291098
thesis_overlap,hp1600,AUS,CHE,0.16358766074993306,0.10589950764224214,0.05768815310769092,-0.26166209721620404,0.30752122538586768
thesis_overlap,hp1600,AUS,DEU,0.21744769423212804,0.24527325356558768,-0.02782555933345965,-0.37154575905981391,0.24245043263353622
thesis_overlap,hp1600,AUS,FRA,0.25458112067859956,0.34154326692051451,-0.08696214624191495,-0.33419669242752986,0.25250844868823286
thesis_overlap,hp1600,AUS,GBR,0.32482119824300593,0.50972494722459627,-0.18490374898159034,-0.36057699310840013,0.18850000555674187
thesis_overlap,hp1600,AUS,ITA,0.03988230463497158,0.47719549333138694,-0.43731318869641539,-0.82722170104995496,-0.13129469791483053
thesis_overlap,hp1600,AUS,JPN,0.24068948605013030,0.15498480788082433,0.08570467816930596,-0.17810419769324118,0.42400888987605095
thesis_overlap,hp1600,AUS,USA,0.44181432272212412,0.61177442386501379,-0.16996010114288967,-0.34700104609981614,0.07113728195578665
thesis_overlap,hp1600,AUT,CAN,0.81707193116201970,0.30128892147039815,0.51578300969162161,0.30885992673113488,0.75097581638604483
thesis_overlap,hp1600,AUT,CHE,0.79468011089037027,0.40369203490118793,0.39098807598918234,0.11461299762294069,0.68729588920633955
thesis_overlap,hp1600,AUT,DEU,0.87896330557763791,0.56407521639862412,0.31488808917901379,0.05023302753860678,0.51889728375306821
thesis_overlap,hp1600,AUT,FRA,0.91414956805124137,0.31980031772646922,0.59434925032477215,0.34437190278280916,0.84055570609390862
thesis_overlap,hp1600,AUT,GBR,0.78881457003700006,0.17157576413348494,0.61723880590351510,0.30233598438504400,0.82957530191594231
thesis_overlap,hp1600,AUT,ITA,0.82431532432853949,0.48346848055044989,0.34084684377808960,0.04698858115366051,0.53218180253279934
thesis_overlap,hp1600,AUT,JPN,0.68189494183823474,0.07910006424211929,0.60279487759611539,0.16864282329409469,0.75632275879583433
thesis_overlap,hp1600,AUT,USA,0.75188893858442729,0.46905031384680873,0.28283862473761856,-0.06282072063982221,0.50976337856234477
thesis_overlap,hp1600,CAN,CHE,0.70072199006786351,0.26156222646478061,0.43915976360308290,0.15927687210122435,0.68679928816310098
thesis_overlap,hp1600,CAN,DEU,0.79464116034982712,0.31244406567596150,0.48219709467386562,-0.02725110643364792,0.75559544369073117
thesis_overlap,hp1600,CAN,FRA,0.86987470699538860,0.66056132461966455,0.20931338237572406,0.02839485641541121,0.35073713388616384
thesis_overlap,hp1600,CAN,GBR,0.79238385591418914,0.67719986079721006,0.11518399511697908,-0.03557825946008885,0.57575258830504883
thesis_overlap,hp1600,CAN,ITA,0.76152189387584068,0.50786261920377029,0.25365927467207039,-0.00212060075334800,0.37851414817822621
thesis_overlap,hp1600,CAN,JPN,0.75457509892545727,0.25557234439107401,0.49900275453438325,0.28306550453196405,0.66809794682313106
thesis_overlap,hp1600,CAN,USA,0.82679184693725161,0.67279306988407572,0.15399877705317588,0.04164639185717552,0.32900502877414589
thesis_overlap,hp1600,CHE,DEU,0.81697807860532412,0.48294736387698617,0.33403071472833795,0.10111454903604387,0.75415425105220635
thesis_overlap,hp1600,CHE,FRA,0.84095694612122951,0.40389104885033761,0.43706589727089190,0.24375937560629032,0.72026818157362316
thesis_overlap,hp1600,CHE,GBR,0.74326127661328401,0.21420341406255547,0.52905786255072851,0.29969028387710861,0.70078444997342126
thesis_overlap,hp1600,CHE,ITA,0.80709412893064325,0.19255409384966973,0.61454003508097355,0.23130767775762259,1.05499316250730302
thesis_overlap,hp1600,CHE,JPN,0.62110038772247034,0.38913472160694446,0.23196566611552588,-0.22655371031885257,0.43456423688715162
thesis_overlap,hp1600,CHE,USA,0.63803538121576375,0.34371213328275685,0.29432324793300690,-0.00302641274718426,0.58527780889000713
thesis_overlap,hp1600,DEU,FRA,0.91518899068186266,0.45235538622482924,0.46283360445703342,0.17258438365747611,0.75538108684884575
thesis_overlap,hp1600,DEU,GBR,0.78611650764833763,0.25965446551945881,0.52646204212887882,0.05724475247179551,0.69175063417244909
thesis_overlap,hp1600,DEU,ITA,0.90080212814489868,0.50524838278494333,0.39555374535995536,0.12766777848206975,0.63342295849014119
thesis_overlap,hp1600,DEU,JPN,0.74115793996341572,0.11402587058037149,0.62713206938304422,0.18225529138957913,0.85250965966989756
thesis_overlap,hp1600,DEU,USA,0.64050911646115449,0.58925592132486559,0.05125319513628890,-0.48532779627907224,0.33773868763903747
thesis_overlap,hp1600,FRA,GBR,0.81902724763682633,0.46853926123447670,0.35048798640234963,0.14501246719355082,0.57980944650657085
thesis_overlap,hp1600,FRA,ITA,0.89307913352306845,0.72765685578632999,0.16542227773673845,0.02291474084379895,0.28045012706872030
thesis_overlap,hp1600,FRA,JPN,0.76403362583271217,0.04351610580568810,0.72051752002702407,0.38449723654584889,0.92888006298864179
thesis_overlap,hp1600,FRA,USA,0.78034282134113331,0.56254119802646729,0.21780162331466602,-0.05769224461861411,0.39806723890642481
thesis_overlap,hp1600,GBR,ITA,0.77827856171705112,0.32996516079141275,0.44831340092563837,0.19809537805854702,0.59287803356475277
thesis_overlap,hp1600,GBR,JPN,0.83792869558477368,0.38727887761311891,0.45064981797165476,0.21061432011992934,0.74763894545751508
thesis_overlap,hp1600,GBR,USA,0.82396074775621231,0.70254427174606682,0.12141647601014549,0.02061506039101874,0.32228013368665070
thesis_overlap,hp1600,ITA,JPN,0.74139086094860362,-0.12980985418788263,0.87120071513648623,0.41373189934188437,1.06503529171894873
thesis_overlap,hp1600,ITA,USA,0.62650437763822664,0.63962912129960459,-0.01312474366137795,-0.46378805879836715,0.22690475628192530
thesis_overlap,hp1600,JPN,USA,0.75192257472633917,0.21949397232983317,0.53242860239650602,0.25227871246142908,0.77657263456563796
thesis_overlap,growth,AUS,AUT,0.23594013757954621,0.21928124897484508,0.01665888860470113,-0.36566510169801708,0.30491269461883191
thesis_overlap,growth,AUS,CAN,0.11588091863382247,0.35790066637518075,-0.24201974774135829,-0.44219318169525451,0.02933811322631120
thesis_overlap,growth,AUS,CHE,0.13426499344698692,0.06599240236021565,0.06827259108677126,-0.23477502093775324,0.26084747505998912
thesis_overlap,growth,AUS,DEU,0.02143080434435236,0.07613439743074409,-0.05470359308639173,-0.47539690427471443,0.29058840817444753
thesis_overlap,growth,AUS,FRA,0.14790015703336620,0.25820959464145921,-0.11030943760809300,-0.46701339849635715,0.20484270129697801
thesis_overlap,growth,AUS,GBR,0.22665743661527132,0.27765140176086217,-0.05099396514559085,-0.31055371529366965,0.38439532898468959
thesis_overlap,growth,AUS,ITA,0.13600230278193667,0.28806774965075954,-0.15206544686882287,-0.44507532684055506,0.09962358347588786
thesis_overlap,growth,AUS,JPN,0.14734956028003171,0.10930003035083263,0.03804952992919908,-0.18712299498463209,0.29872130504917949
thesis_overlap,growth,AUS,USA,0.30932663916723385,0.33742340160730716,-0.02809676244007331,-0.33237695840213982,0.29829259319888207
thesis_overlap,growth,AUT,CAN,0.51103317767449130,0.20868988041775419,0.30234329725673714,-0.13961436992146053,0.52353564560889265
thesis_overlap,growth,AUT,CHE,0.50975070262960465,0.15993644487301245,0.34981425775659220,-0.24456044349693470,0.78615626088742863
thesis_overlap,growth,AUT,DEU,0.45786395398789048,0.12088477536926862,0.33697917861862187,-0.16015417464740045,0.61626791173499607
thesis_overlap,growth,AUT,FRA,0.66253875807693530,0.09330290025092795,0.56923585782600739,0.21261300947000833,0.76096426279800755
thesis_overlap,growth,AUT,GBR,0.60667994533856051,0.02850125396034881,0.57817869137821165,0.03313643890283756,0.87690860282661287
thesis_overlap,growth,AUT,ITA,0.66503134102318218,0.20292876135044630,0.46210257967273588,0.01034090842198683,0.70068309748691515
thesis_overlap,growth,AUT,JPN,0.33646926823509898,0.01422317663725590,0.32224609159784307,-0.20614576504298782,0.68907738739208080
thesis_overlap,growth,AUT,USA,0.52844816167343278,0.30603641156113548,0.22241175011229730,-0.33603232697913532,0.57722304265201951
thesis_overlap,growth,CAN,CHE,0.44607812083841392,0.05861661003255016,0.38746151080586377,-0.16333226796742850,0.61839549932152515
thesis_overlap,growth,CAN,DEU,0.52071875496116138,0.14527585015185907,0.37544290480930231,-0.20696567876777941,0.63366964444928853
thesis_overlap,growth,CAN,FRA,0.61537628890487583,0.35910985326665534,0.25626643563822049,-0.04624457043714955,0.38015433529174364
thesis_overlap,growth,CAN,GBR,0.56672659871686482,0.38695023391770300,0.17977636479916181,-0.15408283635719391,0.52162213196038953
thesis_overlap,growth,CAN,ITA,0.56068247930358295,0.40835196315113498,0.15233051615244797,-0.17564663396811908,0.28650318876599501
thesis_overlap,growth,CAN,JPN,0.39595334986544295,0.09085735158041394,0.30509599828502898,-0.19426174306342742,0.52872365150380385
thesis_overlap,growth,CAN,USA,0.57988063334680584,0.46722585992989379,0.11265477341691205,-0.21596643115820752,0.30882000734727261
thesis_overlap,growth,CHE,DEU,0.55341828291551132,0.05053902796906331,0.50287925494644803,-0.06882608723438059,0.92263876872648731
thesis_overlap,growth,CHE,FRA,0.50296825500825371,0.15860948286424215,0.34435877214401156,-0.14308334766279607,0.58465380566326586
thesis_overlap,growth,CHE,GBR,0.55158631336493835,0.05779276730952220,0.49379354605541614,0.10608372519176562,0.72501585494069432
thesis_overlap,growth,CHE,ITA,0.60770962012601781,-0.01271408014635187,0.62042370027236970,0.17968152945649080,0.92902319849201376
thesis_overlap,growth,CHE,JPN,0.34576320406618810,0.15447035501779166,0.19129284904839644,-0.36817309054805419,0.50100078977064433
thesis_overlap,growth,CHE,USA,0.52393353424446065,0.18463442078495193,0.33929911345950869,-0.13035266648469387,0.59548859393645748
thesis_overlap,growth,DEU,FRA,0.64196256464644696,0.05212834725410511,0.58983421739234188,0.16662382027262049,0.80186572555309199
thesis_overlap,growth,DEU,GBR,0.60644418094614227,0.23029175690020659,0.37615242404593568,-0.07855269226551391,0.56652861716637615
thesis_overlap,growth,DEU,ITA,0.65582633030040993,0.22511842258883696,0.43070790771157297,0.08265091024196514,0.66567689762639737
thesis_overlap,growth,DEU,JPN,0.54984992548393463,0.07683396256077628,0.47301596292315834,-0.09944441106668142,0.75094275311733982
thesis_overlap,growth,DEU,USA,0.33356442354200477,0.27798812010851282,0.05557630343349196,-0.54100913074927970,0.41596404387012625
thesis_overlap,growth,FRA,GBR,0.65522077685277913,0.29440024803401632,0.36082052881876281,-0.01203390934733806,0.51831416954549214
thesis_overlap,growth,FRA,ITA,0.72259787271339115,0.51762311947119111,0.20497475324220005,-0.08167765644442915,0.38750973566232005
thesis_overlap,growth,FRA,JPN,0.44558242542222343,-0.18292203002098834,0.62850445544321176,0.15462262648364875,0.88068389709847417
thesis_overlap,growth,FRA,USA,0.51364172824747556,0.37920538494608808,0.13443634330138748,-0.35447075779416987,0.37069132254070269
thesis_overlap,growth,GBR,ITA,0.69494828794719654,0.32759883817036667,0.36734944977682987,0.01994772766748051,0.53740811856561777
thesis_overlap,growth,GBR,JPN,0.57314531299689264,0.15208383155116639,0.42106148144572625,0.05410869721703150,0.61584203636336998
thesis_overlap,growth,GBR,USA,0.64118823321687413,0.48924391929490946,0.15194431392196467,-0.06210641070358128,0.29108308455135418
thesis_overlap,growth,ITA,JPN,0.48257490153577531,0.00250027585376183,0.48007462568201348,0.08234450818881477,0.67933623076363869
thesis_overlap,growth,ITA,USA,0.45406731894206870,0.56692483639828040,-0.11285751745621170,-0.56131321431464409,0.11293793381037222
thesis_overlap,growth,JPN,USA,0.42767992786195524,0.02009005570649541,0.40758987215545983,0.07812715112535290,0.54949128157851268
thesis_overlap,hamilton,AUS,AUT,0.41282255315811284,0.57811969251283390,-0.16529713935472107,-0.59166839248701497,0.12355215825111228
thesis_overlap,hamilton,AUS,CAN,0.37041652139787601,0.63995824449823668,-0.26954172310036068,-0.65351118990437596,0.17588588327390872
thesis_overlap,hamilton,AUS,CHE,0.19119826167266729,0.06279615748676382,0.12840210418590348,-0.23323433737813720,0.47716393795559231
thesis_overlap,hamilton,AUS,DEU,0.30492062288667893,0.04189990249079373,0.26302072039588520,-0.13300048506739434,0.57643632237641862
thesis_overlap,hamilton,AUS,FRA,0.27121115842392945,0.39986334741735741,-0.12865218899342795,-0.55176995569877385,0.32077067486948196
thesis_overlap,hamilton,AUS,GBR,0.35588737676316512,0.25685515790114866,0.09903221886201646,-0.26238273071407281,0.44178552928175774
thesis_overlap,hamilton,AUS,ITA,-0.17315619363327159,0.47381211514842864,-0.64696830878170020,-1.00043118121317942,-0.22261655962640320
thesis_overlap,hamilton,AUS,JPN,0.22463067154179625,0.00535904229770089,0.21927162924409535,-0.31615857516424101,0.72341829155780679
thesis_overlap,hamilton,AUS,USA,0.50542839125148176,0.49112707120241755,0.01430132004906420,-0.28267976375408604,0.26819625007540754
thesis_overlap,hamilton,AUT,CAN,0.61062973458012171,0.40428957643646540,0.20634015814365630,-0.31302130855760979,0.71823504749890610
thesis_overlap,hamilton,AUT,CHE,0.82465801977503850,0.32112152073871897,0.50353649903631958,0.14927161247363843,0.92016183521626815
thesis_overlap,hamilton,AUT,DEU,0.79731186299567980,0.27400910099157416,0.52330276200410564,0.11497181925737203,0.87366798237982435
thesis_overlap,hamilton,AUT,FRA,0.87183861135728680,0.47322143561799829,0.39861717573928851,0.22942443376485225,0.61592511061460875
thesis_overlap,hamilton,AUT,GBR,0.64989333986039455,-0.02712399493448939,0.67701733479488391,0.32330408305088271,0.90836736649788474
thesis_overlap,hamilton,AUT,ITA,0.56392286998588848,0.59001722574210835,-0.02609435575621988,-0.52619274804972793,0.25887616536200919
thesis_overlap,hamilton,AUT,JPN,0.61250815292896466,0.01740606581588115,0.59510208711308354,0.14472551180628301,0.88621577515979844
thesis_overlap,hamilton,AUT,USA,0.56118082361852240,0.26788486662583744,0.29329595699268496,-0.17254585149680302,0.65407643004095417
thesis_overlap,hamilton,CAN,CHE,0.55136886723743561,0.09010962457991378,0.46125924265752183,0.25323739174867882,0.71293243360226199
thesis_overlap,hamilton,CAN,DEU,0.74537059605758416,0.14897874236341349,0.59639185369417069,0.26858329690508986,0.78582192053587840
thesis_overlap,hamilton,CAN,FRA,0.80770520538010004,0.69734363308316327,0.11036157229693677,-0.28666229404750254,0.60867228452219024
thesis_overlap,hamilton,CAN,GBR,0.80492653130867742,0.52186108647048668,0.28306544483819074,-0.01680123837147184,0.49541525248266344
thesis_overlap,hamilton,CAN,ITA,0.17998161082582642,0.48588114329363075,-0.30589953246780432,-0.92831871201763461,0.29578716364612878
thesis_overlap,hamilton,CAN,JPN,0.73055921050488448,0.19063847329407269,0.53992073721081180,0.12202848868624275,0.88783441732439772
thesis_overlap,hamilton,CAN,USA,0.85412758392882360,0.56183628859923695,0.29229129532958664,0.02079975686176969,0.46056778652410818
thesis_overlap,hamilton,CHE,DEU,0.74127841874479583,0.65341516811714095,0.08786325062765488,-0.20020252090468763,0.49003005118520715
thesis_overlap,hamilton,CHE,FRA,0.83208917847129360,0.23745827618842003,0.59463090228287352,0.28667671156892804,1.05644280120895129
thesis_overlap,hamilton,CHE,GBR,0.59514847126813852,0.01337176442143940,0.58177670684669913,0.36548709325312795,0.80855250791944355
thesis_overlap,hamilton,CHE,ITA,0.55765616919428873,-0.12141673897057446,0.67907290816486321,0.16783988038936506,1.22654975090259244
thesis_overlap,hamilton,CHE,JPN,0.52682945782917223,0.15479198935405825,0.37203746847511399,-0.03377938825898835,0.71899522817955652
thesis_overlap,hamilton,CHE,USA,0.53217267345236730,0.25394466488832407,0.27822800856404323,0.03145776156496283,0.52491124074704876
thesis_overlap,hamilton,DEU,FRA,0.88130196630311730,0.29068213992459602,0.59061982637852128,0.19213188835267733,0.94069991293855637
thesis_overlap,hamilton,DEU,GBR,0.66544863749934724,0.32605693138115943,0.33939170611818781,0.05668163099189511,0.61420808868952392
thesis_overlap,hamilton,DEU,ITA,0.33673248372832865,-0.12819507935302879,0.46492756308135741,-0.08008024746929011,0.77933094287880533
thesis_overlap,hamilton,DEU,JPN,0.64036092242124920,0.31495095972297960,0.32540996269826961,0.05106551773944828,0.55867065585860087
thesis_overlap,hamilton,DEU,USA,0.56669292891503242,0.55366059294397074,0.01303233597106168,-0.29159890644804809,0.19141774137272949
thesis_overlap,hamilton,FRA,GBR,0.78922246643543748,0.27314885006445039,0.51607361637098714,0.26154202391103359,0.72633360597758401
thesis_overlap,hamilton,FRA,ITA,0.54712890310313478,0.69102122875456384,-0.14389232565142906,-0.56524039528735237,0.14399795051057934
thesis_overlap,hamilton,FRA,JPN,0.76022121028361866,0.06655277424647633,0.69366843603714234,0.29762348991001686,0.99328301418811160
thesis_overlap,hamilton,FRA,USA,0.70813407996894939,0.43591961977341548,0.27221446019553391,-0.07385725211643553,0.49329630189990414
thesis_overlap,hamilton,GBR,ITA,0.41758679917695252,-0.02446297338382300,0.44204977256077549,0.07125864466077914,0.60417568593631910
thesis_overlap,hamilton,GBR,JPN,0.87236108840344018,0.60150811629676793,0.27085297210667225,0.11377177457157420,0.59575964630848377
thesis_overlap,hamilton,GBR,USA,0.79955399832457597,0.80087595496295416,-0.00132195663837820,-0.08983220589931465,0.19308967092207993
thesis_overlap,hamilton,ITA,JPN,0.42546162950603539,-0.18220515299447218,0.60766678250050754,0.24345450920917142,0.77583668258601479
thesis_overlap,hamilton,ITA,USA,0.19704977294415771,0.16572892904122166,0.03132084390293605,-0.43716457742946624,0.32072079884815041
thesis_overlap,hamilton,JPN,USA,0.72688810374533430,0.44275737412364519,0.28413072962168912,0.04798337825154656,0.67362595346998200
post_thesis,hp1600,AUS,AUT,0.83189874761989901,0.69395613315926985,0.13794261446062916,-0.00904300291775331,0.57963227741833434
post_thesis,hp1600,AUS,CAN,0.89498625727580028,0.88878807226678203,0.00619818500901825,-0.37856777526194185,0.09638502738736104
post_thesis,hp1600,AUS,CHE,0.83538857264679645,0.76901695444109852,0.06637161820569792,-0.16068775930618781,0.24818029796689914
post_thesis,hp1600,AUS,DEU,0.84863251585535981,0.78467080053921723,0.06396171531614259,-0.16693629248939035,0.15567663948881547
post_thesis,hp1600,AUS,FRA,0.81511037475857084,0.75364775746340751,0.06146261729516334,-0.25563858379737903,0.21161841236063664
post_thesis,hp1600,AUS,GBR,0.87834371598779104,0.84890130991542001,0.02944240607237103,-0.14397045310966369,0.09628577724831151
post_thesis,hp1600,AUS,ITA,0.87908909869881269,0.81861556455759488,0.06047353414121781,-0.10917070308954509,0.19381985256732517
post_thesis,hp1600,AUS,JPN,0.87402650353668143,0.91085063849105652,-0.03682413495437509,-0.33384818977308822,-0.00383857350945090
post_thesis,hp1600,AUS,USA,0.84024644390295622,0.77772929454263695,0.06251714936031927,-0.29021395326628807,0.36778590378186216
post_thesis,hp1600,AUT,CAN,0.91440317715640562,0.90447095151983015,0.00993222563657548,-0.21851751787453269,0.07211087723100217
post_thesis,hp1600,AUT,CHE,0.91200881386188215,0.93347742812575785,-0.02146861426387570,-0.16891935987365811,0.16152836840293083
post_thesis,hp1600,AUT,DEU,0.91994883550765061,0.94219900334205908,-0.02225016783440847,-0.15313738319120782,0.06315016261804306
post_thesis,hp1600,AUT,FRA,0.89634982684081466,0.92069221137974244,-0.02434238453892779,-0.33230938631252172,0.01952271299329028
post_thesis,hp1600,AUT,GBR,0.95142376137434181,0.93924533106462138,0.01217843030972043,-0.02891759982557443,0.11730583305025698
post_thesis,hp1600,AUT,ITA,0.93053708540955204,0.94606706338909663,-0.01552997797954458,-0.10780463507625376,0.13101407065121767
post_thesis,hp1600,AUT,JPN,0.85363798369942845,0.75859355040526377,0.09504443329416468,-0.06247676367545270,0.33470677887031841
post_thesis,hp1600,AUT,USA,0.83695420605696358,0.80204314096901375,0.03491106508794983,-0.56664748086325234,0.11454833422107016
post_thesis,hp1600,CAN,CHE,0.89365137004445705,0.91114642681647806,-0.01749505677202101,-0.29611670097149667,0.12428253792569426
post_thesis,hp1600,CAN,DEU,0.92316724634883840,0.93361350941298937,-0.01044626306415097,-0.36921693045069226,0.02582998625504516
post_thesis,hp1600,CAN,FRA,0.94733313441278366,0.92788206742278989,0.01945106698999377,-0.15369969562374103,0.05818502671307352
post_thesis,hp1600,CAN,GBR,0.94925325648779080,0.95021314424451986,-0.00095988775672906,-0.12958691117600762,0.01971696603273078
post_thesis,hp1600,CAN,ITA,0.94279344806052812,0.92726253942285763,0.01553090863767048,-0.22092326572762569,0.04817060957531249
post_thesis,hp1600,CAN,JPN,0.90817778723243292,0.90336153344872083,0.00481625378371209,-0.23934040498046222,0.04390984221050610
post_thesis,hp1600,CAN,USA,0.92129542358169114,0.85915910962302044,0.06213631395867070,-0.20869769144738409,0.30502038931327297
post_thesis,hp1600,CHE,DEU,0.90251570368182710,0.96173958608809762,-0.05922388240627052,-0.34603731992356279,-0.01147294107738442
post_thesis,hp1600,CHE,FRA,0.88283651759571691,0.92626584773446952,-0.04342933013875261,-0.43885627892511925,0.00745831865708292
post_thesis,hp1600,CHE,GBR,0.93095460304094169,0.93540975188759379,-0.00445514884665210,-0.17408456368385061,0.13616885371977727
post_thesis,hp1600,CHE,ITA,0.93033009592142313,0.94175036583659388,-0.01142026991517076,-0.26991571035638212,0.03131163588803645
post_thesis,hp1600,CHE,JPN,0.86787272881722477,0.80008239187361274,0.06779033694361203,-0.17693425979396654,0.41438435609229224
post_thesis,hp1600,CHE,USA,0.88037842128517629,0.79318009602578443,0.08719832525939186,-0.55133999481772944,0.41207945218103648
post_thesis,hp1600,DEU,FRA,0.94551097056665101,0.92389228644998989,0.02161868411666112,-0.35766457620500097,0.05642243358505635
post_thesis,hp1600,DEU,GBR,0.96038336667317659,0.93338692457154937,0.02699644210162722,-0.06248067440973530,0.14958986468967425
post_thesis,hp1600,DEU,ITA,0.94620659587749345,0.94020970744813370,0.00599688842935975,-0.16058610868421655,0.03830555966877475
post_thesis,hp1600,DEU,JPN,0.90648165785929280,0.82276295726692006,0.08371870059237274,-0.12649665890114470,0.19535953552140689
post_thesis,hp1600,DEU,USA,0.90874004486295368,0.76185661668517823,0.14688342817777544,-0.60028900090714044,0.29364516556749537
post_thesis,hp1600,FRA,GBR,0.94395411749701719,0.91520997584338126,0.02874414165363592,-0.18841409979744775,0.05332445850684102
post_thesis,hp1600,FRA,ITA,0.95894748415622499,0.93502248454621018,0.02392499961001482,-0.14982357619667258,0.05108773546355837
post_thesis,hp1600,FRA,JPN,0.88905792578756171,0.81309526245414987,0.07596266333341184,-0.21040097470593699,0.23218991199265182
post_thesis,hp1600,FRA,USA,0.95008999020507068,0.87437328895739796,0.07571670124767271,-0.13480053815200457,0.30392994944630236
post_thesis,hp1600,GBR,ITA,0.96253335718672606,0.96032134411597225,0.00221201307075380,-0.05746994270962762,0.06606494461316557
post_thesis,hp1600,GBR,JPN,0.91112498781749407,0.87203965240198833,0.03908533541550574,-0.14865892237408773,0.16685213222142886
post_thesis,hp1600,GBR,USA,0.93986467334301893,0.87954085963139506,0.06032381371162387,-0.40349992862805517,0.20575117136628052
post_thesis,hp1600,ITA,JPN,0.90934716477134792,0.85673533487012810,0.05261182990121982,-0.23764424616047822,0.11034829272238229
post_thesis,hp1600,ITA,USA,0.91358635478500450,0.85916162517088912,0.05442472961411537,-0.39869832830255769,0.11721042942258413
post_thesis,hp1600,JPN,USA,0.87270672432852370,0.79602412318314508,0.07668260114537861,-0.22946074588832860,0.42945665468296035
post_thesis,growth,AUS,AUT,0.68731055415602826,0.44846379875895231,0.23884675539707595,-0.06920924675659387,0.55032437583223148
post_thesis,growth,AUS,CAN,0.82206572884728424,0.76874519028429777,0.05332053856298646,-0.53168037404553625,0.67396803783326997
post_thesis,growth,AUS,CHE,0.71883764899372871,0.64103207195067691,0.07780557704305180,-0.30889941877101701,0.29590280541086156
post_thesis,growth,AUS,DEU,0.77156147493844296,0.63455249359470689,0.13700898134373607,-0.33467242382456192,0.52088112485296389
post_thesis,growth,AUS,FRA,0.70034281709538959,0.60602631780968785,0.09431649928570174,-0.29727424277459907,0.24253740714326436
post_thesis,growth,AUS,GBR,0.79275863972332916,0.77237166019215764,0.02038697953117152,-0.44768254124914031,0.21763327357505211
post_thesis,growth,AUS,ITA,0.74258246457722143,0.65670401987348548,0.08587844470373596,-0.62377082011925256,0.26891030734467186
post_thesis,growth,AUS,JPN,0.82344539859292820,0.86322851522260158,-0.03978311662967338,-0.33052987129466660,0.00401168107993515
post_thesis,growth,AUS,USA,0.81580149605345753,0.82376210394773153,-0.00796060789427400,-0.27254736977504396,0.28374609601607831
post_thesis,growth,AUT,CAN,0.89772545594185882,0.84037043810004086,0.05735501784181796,-0.54628170152721034,0.09546697315130706
post_thesis,growth,AUT,CHE,0.92557951269201810,0.92547591682188068,0.00010359587013742,-0.44978531815220912,0.05333735883131712
post_thesis,growth,AUT,DEU,0.94434131414446021,0.93025260525971154,0.01408870888474867,-0.39401482502122287,0.36152581167477099
post_thesis,growth,AUT,FRA,0.92460669399746809,0.87617172068544913,0.04843497331201896,-0.38415850309057809,0.13536263492815445
post_thesis,growth,AUT,GBR,0.96351149122059287,0.87305602741648214,0.09045546380411074,-0.06593360514992035,0.30383968147106016
post_thesis,growth,AUT,ITA,0.92940236695734124,0.89061010353672621,0.03879226342061504,-0.24012557105005389,0.29186143141185333
post_thesis,growth,AUT,JPN,0.83500949810938607,0.53908339140298256,0.29592610670640351,0.09821645428167711,0.83571292507819273
post_thesis,growth,AUT,USA,0.90520197044716000,0.78461072151886047,0.12059124892829953,-0.40371991002660856,0.21219761226926481
post_thesis,growth,CAN,CHE,0.91385924530747331,0.87471206116923428,0.03914718413823903,-0.19292023084778881,0.31637366335311784
post_thesis,growth,CAN,DEU,0.92237605872469575,0.90050442048163803,0.02187163824305771,-0.70003644338962223,0.06947705591121343
post_thesis,growth,CAN,FRA,0.94017085558017988,0.90814592500755409,0.03202493057262579,-0.53738811148797794,0.13161896681527790
post_thesis,growth,CAN,GBR,0.93561955433446786,0.91236476879012629,0.02325478554434157,-0.21575752253409280,0.24976137430766709
post_thesis,growth,CAN,ITA,0.94606411893368392,0.84354637843799385,0.10251774049569007,-0.13466368241088447,0.26960048741311976
post_thesis,growth,CAN,JPN,0.88002111233237024,0.80299982794744418,0.07702128438492606,-0.17744337247949457,0.39242217122750317
post_thesis,growth,CAN,USA,0.95025406251976285,0.92030293952069453,0.02995112299906832,-0.28563655065776200,0.28927308782827232
post_thesis,growth,CHE,DEU,0.92442817267729649,0.96467301178584575,-0.04024483910854926,-0.55110762824786108,-0.00585664127041618
post_thesis,growth,CHE,FRA,0.91528148592912750,0.91104711187825960,0.00423437405086791,-0.71794921983499027,0.06630218770673219
post_thesis,growth,CHE,GBR,0.94377890534810926,0.93906754721916830,0.00471135812894097,-0.27115569477125823,0.17167582891682345
post_thesis,growth,CHE,ITA,0.93461083767455633,0.94384406020923417,-0.00923322253467784,-0.34739655618968301,0.01796916492213148
post_thesis,growth,CHE,JPN,0.83600620688526639,0.70357350656775464,0.13243270031751175,0.03238184147100341,0.43020850046636300
post_thesis,growth,CHE,USA,0.91499359145744297,0.86081513207847715,0.05417845937896582,-0.52169526695631407,0.23863589445437663
post_thesis,growth,DEU,FRA,0.95105246459074444,0.92114097765215797,0.02991148693858647,-0.52471437039878477,0.20384487595192979
post_thesis,growth,DEU,GBR,0.97459876934561984,0.90617940182533152,0.06841936752028832,0.03027500216408063,0.57833063142950780
post_thesis,growth,DEU,ITA,0.95121225484458671,0.91966528342308251,0.03154697142150420,-0.39076379643941800,0.33590613612222026
post_thesis,growth,DEU,JPN,0.86248712932833738,0.68712040379385275,0.17536672553448462,0.04882094582177587,0.48053707598759876
post_thesis,growth,DEU,USA,0.94400013414916661,0.84823639730427081,0.09576373684489581,-0.33461087187193872,0.23356010230501223
post_thesis,growth,FRA,GBR,0.93812204568310831,0.86892794896122882,0.06919409672187948,-0.43412580522041416,0.13750839804228568
post_thesis,growth,FRA,ITA,0.98382683449842001,0.91461271107252895,0.06921412342589106,-0.33481557289873054,0.16213136022213007
post_thesis,growth,FRA,JPN,0.82011666775995073,0.67904806556218877,0.14106860219776196,-0.13833111534874712,0.30991551725899807
post_thesis,growth,FRA,USA,0.95406988675714910,0.88459800029171742,0.06947188646543168,-0.14270840527153109,0.15994719976125685
post_thesis,growth,GBR,ITA,0.94701366320881486,0.91631395555322570,0.03069970765558916,-0.29684366547449059,0.34273543383631883
post_thesis,growth,GBR,JPN,0.86652502522730424,0.80189305709316527,0.06463196813413896,-0.14598836329460224,0.20940433583285234
post_thesis,growth,GBR,USA,0.95664456333095582,0.93479697135240503,0.02184759197855080,-0.44993090988094331,0.05724586047817238
post_thesis,growth,ITA,JPN,0.82929296151107723,0.68196279777819568,0.14733016373288155,-0.17044704099517782,0.28640743778437899
post_thesis,growth,ITA,USA,0.95314248369060006,0.89272111584270286,0.06042136784789720,-0.54967414184153285,0.09649758139804163
post_thesis,growth,JPN,USA,0.85799078811295593,0.81628555263834190,0.04170523547461402,-0.43743747493744989,0.16790858329481090
post_thesis,hamilton,AUS,AUT,0.88472613963393865,0.85330312961631294,0.03142301001762571,-0.04045981870907690,0.24902153362557125
post_thesis,hamilton,AUS,CAN,0.90385342389848899,0.95042466556905070,-0.04657124167056170,-0.48139974665014951,0.01133046790025301
post_thesis,hamilton,AUS,CHE,0.88724913297894759,0.88769030785519554,-0.00044117487624795,-0.09391470137137109,0.23054504512687130
post_thesis,hamilton,AUS,DEU,0.71881511768724127,0.88267331768964030,-0.16385820000239903,-0.56470814659333646,0.08696737383037514
post_thesis,hamilton,AUS,FRA,0.86919552439509085,0.87020463844688700,-0.00100911405179616,-0.37850021418101260,0.06188431944399838
post_thesis,hamilton,AUS,GBR,0.91062308661729274,0.89883609428311950,0.01178699233417324,-0.01912215696596841,0.23410522369400780
post_thesis,hamilton,AUS,ITA,0.81391539485948949,0.80473390387071331,0.00918149098877619,-0.18895804967043067,0.24751500903176671
post_thesis,hamilton,AUS,JPN,0.84100458117348498,0.91350928052544389,-0.07250469935195891,-0.19400035069841867,0.02399877030122204
post_thesis,hamilton,AUS,USA,0.81807394359639252,0.71321509693694984,0.10485884665944267,-0.08949390391730423,0.28157926050717114
post_thesis,hamilton,AUT,CAN,0.84978549507041401,0.94814078968519200,-0.09835529461477799,-0.59479410195650628,-0.00220914629016603
post_thesis,hamilton,AUT,CHE,0.88232067475379372,0.91105208074843580,-0.02873140599464208,-0.11774626991419182,0.34031273941594353
post_thesis,hamilton,AUT,DEU,0.83573524235962116,0.93429709564419083,-0.09856185328456968,-0.33259161142901572,0.13841446970356391
post_thesis,hamilton,AUT,FRA,0.86581449605137228,0.95087546429991854,-0.08506096824854625,-0.52473154732334615,0.00260793200765866
post_thesis,hamilton,AUT,GBR,0.91606760621314920,0.94321831131277800,-0.02715070509962880,-0.08583973988196503,0.23327037946480930
post_thesis,hamilton,AUT,ITA,0.72948658743441730,0.88751583502059483,-0.15802924758617753,-0.62133641974997900,0.01648719212653542
post_thesis,hamilton,AUT,JPN,0.80419322402667559,0.85322900821538261,-0.04903578418870702,-0.21864211088384641,0.08111519763666440
post_thesis,hamilton,AUT,USA,0.72068292623015273,0.71349343166106804,0.00718949456908469,-0.28174235632613831,0.14180240066532865
post_thesis,hamilton,CAN,CHE,0.87819676979613570,0.92269559150894132,-0.04449882171280561,-0.24069677066305312,0.23205359094839598
post_thesis,hamilton,CAN,DEU,0.63330735968086871,0.93375573043231463,-0.30044837075144593,-0.91212289204456509,-0.04297278034011701
post_thesis,hamilton,CAN,FRA,0.96716809100259693,0.95072727003626656,0.01644082096633037,-0.00345690867028374,0.23372887552094412
post_thesis,hamilton,CAN,GBR,0.90245538553246996,0.94321278599612102,-0.04075740046365106,-0.20433695866757018,0.01091200301341938
post_thesis,hamilton,CAN,ITA,0.91982858396766909,0.88615741842743423,0.03367116554023486,-0.07120566999742101,0.41429866883816968
post_thesis,hamilton,CAN,JPN,0.83118604594345646,0.92596492421216470,-0.09477887826870823,-0.67287038457885329,0.01151497129420473
post_thesis,hamilton,CAN,USA,0.89734984868807266,0.74964023950034386,0.14770960918772880,0.00234562063151065,0.64809452131339274
post_thesis,hamilton,CHE,DEU,0.73513762615734668,0.89632083950342711,-0.16118321334608043,-0.47632670589081499,0.52441639125198447
post_thesis,hamilton,CHE,FRA,0.86816395505948663,0.90964804261908627,-0.04148408755959965,-0.22923628216594666,0.14690216865805411
post_thesis,hamilton,CHE,GBR,0.89783767005804282,0.88437975137579072,0.01345791868225210,-0.10072834264251704,0.68299860410532298
post_thesis,hamilton,CHE,ITA,0.82560708023137042,0.87837919257041108,-0.05277211233904067,-0.51311007993506352,0.10951994330386104
post_thesis,hamilton,CHE,JPN,0.80973320723338893,0.85015664977170613,-0.04042344253831720,-0.19024243258278270,0.37964450583535286
post_thesis,hamilton,CHE,USA,0.86280384784784703,0.74778278194512282,0.11502106590272421,-0.35104343121099324,0.28986215497689721
post_thesis,hamilton,DEU,FRA,0.70819613850764274,0.92102000722614707,-0.21282386871850434,-1.06950907485664604,0.00164618438305124
post_thesis,hamilton,DEU,GBR,0.83997601691194379,0.96026791410190282,-0.12029189718995903,-0.46913091586308781,0.03005908881353035
post_thesis,hamilton,DEU,ITA,0.54616573143940950,0.86865392147458353,-0.32248819003517404,-0.82127466977785490,-0.03454400580914075
post_thesis,hamilton,DEU,JPN,0.83970023160999685,0.88056428182420388,-0.04086405021420703,-0.15245655726382579,0.43394855206470323
post_thesis,hamilton,DEU,USA,0.64473312391906179,0.60158635722930121,0.04314676668976059,-0.54129737687185731,0.27497059312679661
post_thesis,hamilton,FRA,GBR,0.93153143515321579,0.92804289586031496,0.00348853929290083,-0.51667033781217886,0.03458137226257242
post_thesis,hamilton,FRA,ITA,0.93799742150350129,0.88098027682860536,0.05701714467489594,-0.01334346043698221,0.76394920541210964
post_thesis,hamilton,FRA,JPN,0.86010261391527176,0.86508428718913388,-0.00498167327386212,-0.35212241578010750,0.06774596093934016
post_thesis,hamilton,FRA,USA,0.90068232126899084,0.79506320057133906,0.10561912069765178,0.01674542798605644,0.85366183079271896
post_thesis,hamilton,GBR,ITA,0.85932180783219192,0.86983366332385914,-0.01051185549166722,-0.14175254561542197,0.42834142989982893
post_thesis,hamilton,GBR,JPN,0.93527012717772740,0.89670108334026932,0.03856904383745807,-0.01970361878092432,0.56170164158546332
post_thesis,hamilton,GBR,USA,0.85831829445407837,0.69769902709801679,0.16061926735606158,-0.00945135247502292,0.34990848426421478
post_thesis,hamilton,ITA,JPN,0.80481132737418593,0.87640822541089358,-0.07159689803670766,-0.74602114426795441,0.05166162367913373
post_thesis,hamilton,ITA,USA,0.88493952557194921,0.72327836211840746,0.16166116345354176,-0.14717900027084752,0.43055203673646286
post_thesis,hamilton,JPN,USA,0.81845186302072548,0.71932942205491146,0.09912244096581402,-0.33939060369351076,0.26439507686371377
