"vintage","method","statistic","point","lower","upper"
"current","hp1600",1,0.801177605533503,0.577641135763104,0.885735651103569
"current","hp1600",2,0.796696699713527,0.522119413005596,0.883443663139946
"current","hp1600",3,0.00448090581997595,-0.0312692776542454,0.179508719579683
"current","hp1600",4,0.0614034425499592,-0.156561956867336,0.32523160057703
"current","hp1600",5,-0.101595841530903,-0.379147693328864,0.00494741297046403
"current","hp1600",6,-0.096489270788701,-0.216101733454357,0.0460632215148976
"current","hp1600",7,-0.16287498262212,-0.309531434852909,-0.0147378137825048
"current","hp1600",8,-0.000767562376830289,-0.263938187075757,0.100526556631563
"current","hp1600",9,-0.0306509277152734,-0.271237772799311,0.0387060035725838
"current","hp1600",10,-0.0711760234234142,-0.463477602069236,0.0437779723590467
"current","hp1600",11,-0.126638819639435,-0.279606831799015,0.0547379963115531
"current","hp1600",12,-0.0656558008402988,-0.212531929630083,0.105181744439369
"current","hp1600",13,0.00956506453465678,-0.0453625945312013,0.233663859741933
"current","hp1600",14,-0.039135146720784,-0.090865524455193,0.288345198638896
"current","hp1600",15,-0.059370260435607,-0.115676219664171,0.102553268597989
"current","hp1600",16,0.0193100255742163,-0.0262595709829758,0.260653640876097
"current","hp1600",17,0.0234711048613754,-0.00964141326642637,0.288775845372398
"current","hp1600",18,0.00541752860734246,-0.0372558886376737,0.217106490871814
"current","hp1600",19,0.144080744196962,0.0214522021001505,0.510660222430657
"current","hp1600",20,0.0422676861237982,-0.143195466714519,0.27092873835092
"current","hp1600",21,-0.04948272629721,-0.139414590260421,0.241370701088997
"current","hp1600",22,-0.0690494616480534,-0.218615987052584,0.251865140085061
"current","hp1600",23,0.0140567286107945,-0.0622258831795224,0.121726901088041
"current","hp1600",24,-0.0309121719533838,-0.126780009840481,0.0120747327925008
"current","hp1600",25,-0.00818175695340684,-0.147638425748901,0.0794629845033134
"current","hp1600",26,0.0577001104177298,-0.0316693962439039,0.401243106239779
"current","hp1600",27,0.0459507891803373,-0.0315573943105536,0.297632552822014
"current","hp1600",28,-0.0640545806510121,-0.116957517388148,0.198967782785662
"current","hp1600",29,-0.0488114764504911,-0.102697881439272,0.265153825205967
"current","hp1600",30,-0.0524262732687846,-0.106411053484443,0.306541293879933
"current","hp1600",31,-0.00318530331772904,-0.0688197082339556,0.311118235294775
"current","hp1600",32,0.0578835235606593,-0.0357805247572147,0.351663698553389
"current","hp1600",33,0.0501190424168507,-0.0886622662473183,0.387520773092442
"current","hp1600",34,-0.0323700009514299,-0.0723735215338751,0.271662693726047
"current","hp1600",35,-0.0729917420360523,-0.145361629644366,0.299983015721774
"current","hp1600",36,-0.0341465390186075,-0.0780556367008503,0.163421901524732
"current","hp1600",37,0.172953568651703,0.0211635826613896,0.597278845384563
"current","hp1600",38,0.0482869936464657,-0.204018799955286,0.370670165897171
"current","hp1600",39,0.0464343019444208,-0.00375860735785382,0.210579356380216
"current","hp1600",40,0.0290338894151615,-0.0441935806961525,0.0873919344156138
"current","hp1600",41,0.14360876353636,0.0353803593237059,0.633568936032833
"current","hp1600",42,0.0385281300481357,-0.0419222923357061,0.266270063762666
"current","hp1600",43,0.0307462087640951,-0.0129018251809183,0.220175311017664
"current","hp1600",44,0.0457183786254163,-0.0389650841321726,0.445289453583843
"current","hp1600",45,0.00665994250918833,-0.0675202793438516,0.16162746631482
"current","hp1600",46,0.176892855247448,0.0269471496775844,0.652324206588511
"current","hp1600",47,-0.0344307198114269,-0.304118304569052,0.122283399439389
"current","hp1600",48,0.185949327326796,0.018417945962765,0.568831570627057
"original","hp1600",1,0.698156556813831,0.406942585307541,0.835319033621726
"original","hp1600",2,0.346617291028754,0.197403849677262,0.451600763373926
"original","hp1600",3,0.351539265785076,0.188354341743122,0.460408203691844
"original","hp1600",4,0.270232411419824,-0.108502188525321,0.547504274096155
"original","hp1600",5,-0.241079983025669,-0.407068607031103,0.173956955963771
"original","hp1600",6,0.203361421049481,-0.0716199735002615,0.491937610321471
"original","hp1600",7,0.178213685483296,-0.185913262584203,0.462581051807011
"original","hp1600",8,0.00831020205529492,-0.241780023566898,0.235528972003035
"original","hp1600",9,-0.113520595684748,-0.266315731264507,0.241592032124013
"original","hp1600",10,-0.259420725735605,-0.67217182760582,0.0538703420490777
"original","hp1600",11,0.109025212857489,-0.139022439335922,0.485462922170585
"original","hp1600",12,-0.160618105660283,-0.361838880304665,0.0118781567227368
"original","hp1600",13,0.548306335435613,0.23354254470256,0.778952076698259
"original","hp1600",14,0.633006223667351,0.41778276781012,1.05680514344238
"original","hp1600",15,0.395439879631334,0.189710882680644,0.591481493446246
"original","hp1600",16,0.602381859643744,0.384967109252679,0.905313878758173
"original","hp1600",17,0.67554847171851,0.130672336402957,0.928675776364729
"original","hp1600",18,0.460591672435564,0.166991761554239,0.722712772126102
"original","hp1600",19,0.444130840242554,0.0886701621063116,0.731281078754517
"original","hp1600",20,0.230517537226582,-0.15178172169793,0.642691563034617
"original","hp1600",21,0.457045315969672,0.254930408022624,0.688191090903169
"original","hp1600",22,0.511651925525404,0.0833371286036028,0.78948411323024
"original","hp1600",23,0.243729443031574,0.10043812846854,0.366562083658265
"original","hp1600",24,0.0625033890948771,-0.160998128479919,0.43777593574718
"original","hp1600",25,0.31066936536163,0.0843461661916349,0.453747430690147
"original","hp1600",26,0.507685697716145,0.270864946454932,0.687996562537112
"original","hp1600",27,0.211429417799856,0.0892193345230703,0.39929587292142
"original","hp1600",28,0.498144981602076,0.163333255761535,1.0357951128516
"original","hp1600",29,0.55854937262633,0.309984257673939,0.870880725462134
"original","hp1600",30,0.394178551504466,0.0445690825363187,0.668385698545048
"original","hp1600",31,0.910429409008836,0.410493142303574,1.34570995832007
"original","hp1600",32,0.383367565635257,-0.101765156237664,0.652419017212824
"original","hp1600",33,0.407617678329134,0.159929690102125,0.692508684788379
"original","hp1600",34,0.397324955726702,0.0881993752121911,0.708457643215
"original","hp1600",35,0.549068974498698,0.0814937669110855,0.722495950327665
"original","hp1600",36,0.531154776142463,0.298507390079243,0.758668224648247
"original","hp1600",37,0.672103611707159,0.259563872534964,0.818690094635606
"original","hp1600",38,0.152660109978783,-0.310851886166921,0.392058003466332
"original","hp1600",39,0.337063343584825,-0.0244542164148739,0.633135613346631
"original","hp1600",40,0.217693096350104,0.0802691591960323,0.33558957292254
"original","hp1600",41,0.682727742718642,0.312354918451344,0.87219933713546
"original","hp1600",42,0.226537509950155,-0.0571323013072606,0.441439530209613
"original","hp1600",43,0.562955575653049,0.188131843790005,0.829442191798647
"original","hp1600",44,0.574352384513782,0.272691016371617,0.77201899742127
"original","hp1600",45,0.0642416693554895,-0.0247184653035783,0.152480215206756
"original","hp1600",46,0.838094475665523,0.423584038645026,0.99038914841345
"original","hp1600",47,0.11261659354591,-0.336332744861998,0.325618565761359
"original","hp1600",48,0.459243684971563,0.218425741324663,0.623776997080922
"current","growth",1,0.804153638966679,0.240278137760125,0.894274233539994
"current","growth",2,0.768485914262126,0.18615995149277,0.869214227601113
"current","growth",3,0.0356677247045531,-0.0209153041559802,0.260767057044242
"current","growth",4,0.202609387657302,-0.112678477415373,0.528694538942082
"current","growth",5,-0.0107526429813112,-0.371230411726813,0.393568620933243
"current","growth",6,-0.00958954487979646,-0.222649101427718,0.288970593777816
"current","growth",7,0.0295510093478761,-0.241607551034233,0.36468918453955
"current","growth",8,0.0572248927723434,-0.221587980619622,0.271240544722474
"current","growth",9,-0.00757471997560866,-0.19752182391464,0.16978038389673
"current","growth",10,0.0358935174212272,-0.252999119905628,0.164526681367923
"current","growth",11,-0.0842743176329691,-0.226366357400414,0.0502192200499034
"current","growth",12,-0.0481609973267357,-0.181811835816062,0.146273454774499
"current","growth",13,0.0526414473393968,-0.144380846897417,0.216689685966887
"current","growth",14,-0.0402905797817193,-0.213076329266409,0.30556841491803
"current","growth",15,-0.0286152995272522,-0.253755023038904,0.223674135153119
"current","growth",16,0.0702743402542479,-0.106155445190341,0.528508277552189
"current","growth",17,0.108841013978138,0.0368005601288866,0.45499034980831
"current","growth",18,0.0535313860348906,-0.0151448854890423,0.398442522278646
"current","growth",19,0.242312427657877,0.0663324141555046,0.548039258251304
"current","growth",20,0.105055524836907,-0.122661508282971,0.288673513114355
"current","growth",21,-0.0227369405179543,-0.118905625962858,0.334334634758362
"current","growth",22,-0.023287838065486,-0.245930682835871,0.358218574545559
"current","growth",23,0.0221467482707793,-0.254463470053662,0.192631759434519
"current","growth",24,0.00904293175324933,-0.0414437504135466,0.227881325229151
"current","growth",25,0.0804242908849281,-0.0436044318165893,0.328188511538858
"current","growth",26,0.0605903206342786,-0.0371302769006226,0.443644130649454
"current","growth",27,0.0069237905369266,-0.0469366853041634,0.329256269325428
"current","growth",28,-0.08690068900668,-0.230851543936064,0.494615221541685
"current","growth",29,-0.0506153060420956,-0.218609537195423,0.238798093943777
"current","growth",30,-0.0484331524908874,-0.13570135253944,0.398143432492139
"current","growth",31,-0.0376843140455415,-0.108337486223868,0.527415570048556
"current","growth",32,0.0805435106195036,-0.0431285262521521,0.444219646556936
"current","growth",33,0.0171764537292277,-0.0947390122546852,0.509668649336682
"current","growth",34,-0.00236732531287864,-0.115205941641289,0.557192560396734
"current","growth",35,0.0130224661211082,-0.0442548447716165,0.478992192786044
"current","growth",36,-0.00363843844395417,-0.116899998557064,0.35721133357777
"current","growth",37,0.194086965063198,0.0666560032534171,0.66268739865112
"current","growth",38,0.00608067618171226,-0.158292089599696,0.305821006291686
"current","growth",39,0.0774235338846051,-0.0251253287328663,0.319873109491521
"current","growth",40,0.0660695450167489,0.00505966196969643,0.314019623227638
"current","growth",41,0.146477732483718,0.0481887073329419,0.638844659820141
"current","growth",42,0.0449116973752295,-0.0491182176895559,0.292209301708041
"current","growth",43,0.0347171454205483,-0.169142840948134,0.3950362896249
"current","growth",44,0.0556526443112461,-0.0330706825985498,0.420631486153171
"current","growth",45,0.0018268833252576,-0.103983537758765,0.17420062611414
"current","growth",46,0.148795842028636,0.0557872219019014,0.486692258301638
"current","growth",47,0.0157256173297654,-0.365655355719715,0.0654162475186748
"current","growth",48,0.0703959754648862,-0.00899039056224703,0.4143562124815
"original","growth",1,0.509504411270407,0.179107711937478,0.679994259892769
"original","growth",2,0.184389257975153,0.0765567411028341,0.276268175750451
"original","growth",3,0.325115153295254,0.074923149103489,0.439842907183112
"original","growth",4,0.1175837123221,-0.2039213467318,0.403388902592439
"original","growth",5,-0.28260101811547,-0.465972157299821,0.0413020939127777
"original","growth",6,0.29785342057284,-0.0504549037367468,0.53875999014854
"original","growth",7,0.155769741576132,-0.246208756169203,0.444313842322854
"original","growth",8,-0.110574629910875,-0.432321096704196,0.101388823517054
"original","growth",9,-0.0444829910216823,-0.263332223026901,0.29981223707294
"original","growth",10,-0.182482057296634,-0.504961354439726,0.038550003851153
"original","growth",11,0.126093404042492,-0.131802314467891,0.335681970353335
"original","growth",12,-0.0891663046938605,-0.247508474772171,0.0853597463968411
"original","growth",13,0.152398026400712,-0.241097690723263,0.400165503577849
"original","growth",14,0.490026506804008,0.0965994708315479,0.794327741943934
"original","growth",15,0.597974622128811,0.185244711040502,0.84004257731473
"original","growth",16,0.514595087667902,0.174891385386507,0.809831656002929
"original","growth",17,0.54212275540982,-0.068970894735374,0.912800298474478
"original","growth",18,0.376076257111118,0.0400086395791543,0.713037325341403
"original","growth",19,0.163647850801422,-0.282214782718262,0.586739522607899
"original","growth",20,0.248636097512173,-0.308106174542034,0.654132918848625
"original","growth",21,0.410608678908152,-0.0868883688150288,0.65348335287338
"original","growth",22,0.563983156814969,-0.00384287897703548,0.884014254843207
"original","growth",23,0.352398947920099,0.0273076357011556,0.521608608105512
"original","growth",24,0.151704198008441,-0.184805771423077,0.435376136073824
"original","growth",25,0.244075529816481,-0.128127932973628,0.384448043249701
"original","growth",26,0.373257161416232,-0.0522390007363069,0.483236814776207
"original","growth",27,0.172975046779058,-0.162504594119027,0.419513109988907
"original","growth",28,0.63187181292319,0.0789806785081211,0.975107507976159
"original","growth",29,0.554116352128039,0.107837299167971,0.737957418012616
"original","growth",30,0.477379889895436,-0.0187800048649184,0.687372247122127
"original","growth",31,0.837173315814456,0.38849336405818,1.110500479481
"original","growth",32,0.348278633376652,-0.3326660622571,0.778297409248555
"original","growth",33,0.461175411706807,0.0270179284719188,0.668138515980867
"original","growth",34,0.489817482767577,0.146144537885612,0.754141481910693
"original","growth",35,0.658409314856695,0.225698486393012,0.80357547198898
"original","growth",36,0.681520143716502,0.356480955024041,0.877579526211769
"original","growth",37,0.51776328963975,0.0532927178607657,0.73723191497977
"original","growth",38,0.322764033836952,-0.32546392457373,0.614662090948346
"original","growth",39,0.283482875204675,-0.0986864548172665,0.539996096370318
"original","growth",40,0.390754419181631,0.161452813651017,0.558067505956828
"original","growth",41,0.534584854747958,0.132257328677512,0.731777477247436
"original","growth",42,0.0958725194826996,-0.412084458588649,0.393679369395575
"original","growth",43,0.467244204804182,0.0942665035395243,0.603072956735313
"original","growth",44,0.497667671483175,0.14904805332857,0.632483211262171
"original","growth",45,0.0764648328913367,-0.194324288566281,0.322206240172207
"original","growth",46,0.539615353823863,0.110724821939642,0.688325864832283
"original","growth",47,0.0233801299035669,-0.431976019439255,0.267755894211094
"original","growth",48,0.398372155126869,-0.0178392271800027,0.600989758009543
"current","hamilton",1,0.706786993603541,0.496279905245276,0.815425508011813
"current","hamilton",2,0.702345492947677,0.251852330788263,0.809951906141417
"current","hamilton",3,0.00444150065586391,-0.0826096793903916,0.144350230577285
"current","hamilton",4,-0.0575689698719518,-0.177324703640848,0.0593713885456429
"current","hamilton",5,-0.177713625244072,-0.460937684482254,-0.0550720280883685
"current","hamilton",6,-0.155839384602603,-0.256542104102793,0.185919885336137
"current","hamilton",7,-0.210991400435421,-0.36638831039359,0.254038489100031
"current","hamilton",8,-0.0408143912878081,-0.223000454251812,0.0445232845664859
"current","hamilton",9,0.00651525052119339,-0.0752074585427774,0.104229964875773
"current","hamilton",10,-0.184931877522406,-0.685336571761314,0.0666257126625337
"current","hamilton",11,-0.152193895721238,-0.367155204998974,0.128573849445744
"current","hamilton",12,0.110841566770553,-0.0548380607603637,0.309520481359538
"current","hamilton",13,-0.113718804791734,-0.277705923768982,-0.000288200060035653
"current","hamilton",14,0.0340171304770396,-0.0435942493656796,0.596089771935646
"current","hamilton",15,-0.0396819985157467,-0.170342436088566,0.319766952696171
"current","hamilton",16,-0.0202991575324355,-0.117977827416942,0.101163928559398
"current","hamilton",17,0.0119833958850643,-0.0798229435003089,0.193185397271369
"current","hamilton",18,-0.10412113224318,-0.280143711731515,0.168158461208128
"current","hamilton",19,0.0747456540902949,-0.105617022269288,0.430966917441364
"current","hamilton",20,0.0871909728071779,-0.188287202590618,0.303439773513723
"current","hamilton",21,-0.125787314865803,-0.258591471653063,0.320213309872765
"current","hamilton",22,-0.147801822257666,-0.416992206890266,0.237784884670872
"current","hamilton",23,0.0263694598366534,-0.0247438789089055,0.156423535493389
"current","hamilton",24,0.00302510831245317,-0.0751644479490415,0.181130959043172
"current","hamilton",25,-0.115531972221457,-0.411099420026793,0.155844396843035
"current","hamilton",26,0.0257335847422795,-0.229518860024242,0.356073649029425
"current","hamilton",27,0.29340197188371,0.107938560858168,0.576129824030172
"current","hamilton",28,-0.0670530378420917,-0.186164197260966,0.234247475628976
"current","hamilton",29,0.0311940136957694,-0.108290039469983,0.57038986685626
"current","hamilton",30,-0.00507425425558305,-0.139134948641501,0.493002792746463
"current","hamilton",31,0.058385656850297,-0.149661373023468,0.642321289472139
"current","hamilton",32,-0.0569773192237681,-0.178006794782172,0.190285132488637
"current","hamilton",33,0.101661829876171,-0.203038876770374,0.377113807907766
"current","hamilton",34,-0.106096607072847,-0.317558649094722,0.129727247611266
"current","hamilton",35,-0.169830627144781,-0.334926914557549,-0.00257306377348495
"current","hamilton",36,-0.112827744025951,-0.388561174392057,0.353815661845825
"current","hamilton",37,0.163386633669522,-0.0897826861766492,0.567986322102799
"current","hamilton",38,-0.0622648367112246,-0.456775385821416,0.170975642053999
"current","hamilton",39,0.0678635185618883,0.0109039055647632,0.202252302666746
"current","hamilton",40,0.0418611235893185,-0.0676854591760138,0.254430692381998
"current","hamilton",41,0.187175289307568,-0.0457268444033496,0.575233237313276
"current","hamilton",42,0.119120337408094,-0.0152577999201491,0.236343459841044
"current","hamilton",43,0.120680067107087,-0.0410875977423763,0.492706105197405
"current","hamilton",44,0.113413696849947,-0.024436151850055,0.39198541088823
"current","hamilton",45,0.0966829380046877,0.00962773837237227,0.168127613912456
"current","hamilton",46,0.100328260505218,-0.0462748972504061,0.589480804539349
"current","hamilton",47,0.189677348432168,-0.104967900301988,0.475408340551678
"current","hamilton",48,0.36173289371949,0.00676405118717286,0.608185895255309
"original","hamilton",1,0.592379558528772,0.287528367646062,0.739439303041692
"original","hamilton",2,0.295903136039023,0.152671797020043,0.437752368453457
"original","hamilton",3,0.296476422489749,0.117382920260361,0.417576092981711
"original","hamilton",4,0.0537407089279728,-0.367442175861956,0.388183832851944
"original","hamilton",5,-0.288719771835714,-0.551273051053169,-0.0240151288201844
"original","hamilton",6,0.327745734604641,0.049643105438944,0.578575540882567
"original","hamilton",7,0.390623287505701,0.0817822819948743,0.651642729377685
"original","hamilton",8,-0.0418383139595584,-0.347092148907013,0.349625795691658
"original","hamilton",9,-0.118030536781114,-0.36967336353068,0.104052293546626
"original","hamilton",10,-0.357860657295823,-0.790338431997543,0.134234923119259
"original","hamilton",11,0.144865389688282,-0.232521937261751,0.580137874256914
"original","hamilton",12,-0.0199580777225771,-0.192951580592215,0.144280992711033
"original","hamilton",13,0.264106125421634,-0.0402960561330305,0.583447236955993
"original","hamilton",14,0.660152959563531,0.350420526486899,1.09601531331415
"original","hamilton",15,0.523786017191648,0.220794727374485,0.891530589635709
"original","hamilton",16,0.38838062588006,0.214516521623438,0.730187756417919
"original","hamilton",17,0.469864818452244,-0.0702490037395516,0.820311636583143
"original","hamilton",18,0.148822629886307,-0.355032371461311,0.493892932795876
"original","hamilton",19,0.34413473167115,-0.062050936795706,0.608257115349208
"original","hamilton",20,0.162428794291672,-0.26357020443826,0.495150075587175
"original","hamilton",21,0.352392825242067,-0.00292896128277052,0.71988556195296
"original","hamilton",22,0.593548312036511,0.321910559144055,0.734809961434567
"original","hamilton",23,0.124645707275659,-0.27541882383347,0.634548730146708
"original","hamilton",24,0.112321247532163,-0.480908960945216,0.259377161401375
"original","hamilton",25,-0.204903460049877,-0.827305863696525,0.355650706023763
"original","hamilton",26,0.524628384868563,0.0646302435268045,0.820743431737738
"original","hamilton",27,0.345431720287568,0.0338434993043082,0.490844069907207
"original","hamilton",28,0.17295217554163,-0.147044868868406,0.708849666975074
"original","hamilton",29,0.699847301184061,0.304268101591237,1.1301515375855
"original","hamilton",30,0.537607883384239,0.224361648512289,0.777326217707658
"original","hamilton",31,0.91995937326888,0.49145037582346,1.33502812997394
"original","hamilton",32,0.454065643484092,-0.0151676457748769,0.81347920529425
"original","hamilton",33,0.345708363348444,0.13622113813939,0.542765592400794
"original","hamilton",34,0.620639392831087,0.285075339635293,1.00801075453904
"original","hamilton",35,0.41288545146628,0.135330961852873,0.666577428687415
"original","hamilton",36,0.63001062236965,0.0852069653680531,0.979520161461637
"original","hamilton",37,0.405443816164209,0.0316748837833381,0.673799382127556
"original","hamilton",38,0.065912369282402,-0.222644720328331,0.224036228874193
"original","hamilton",39,0.340914181752398,-0.0538961291462132,0.530128961062305
"original","hamilton",40,-0.0594572436280763,-0.397219662352121,0.221515615389614
"original","hamilton",41,0.668879191102406,0.268678556784507,0.980858551022843
"original","hamilton",42,0.281998421197727,-0.0619108716451847,0.503909103748741
"original","hamilton",43,0.440180077192857,0.0663376605012019,0.672693986879841
"original","hamilton",44,0.412225355795073,0.213598017387511,0.678106472351398
"original","hamilton",45,0.0259135975024615,-0.0645998668619683,0.152870516406725
"original","hamilton",46,0.614738932492124,0.206225117546635,0.84616364451464
"original","hamilton",47,0.184741737336119,-0.251551644354787,0.421534152646021
"original","hamilton",48,0.265963166287918,0.0412570680549899,0.584482693569117
