"period","method","country_i","country_j","output_correlation","consumption_correlation","gap","gap_lower","gap_upper"
"full_common","hp1600","AUS","AUT",0.726570617056727,0.665167174506767,0.0614034425499592,-0.206315363830932,0.308482551108691
"full_common","hp1600","AUS","CAN",0.752398073820253,0.853993915351157,-0.101595841530903,-0.435210904745204,0.0104185479979674
"full_common","hp1600","AUS","CHE",0.598433472137142,0.694922742925843,-0.096489270788701,-0.244452457092281,0.0513121977380974
"full_common","hp1600","AUS","DEU",0.57129724605865,0.73417222868077,-0.16287498262212,-0.39910203326609,0.0144257873612783
"full_common","hp1600","AUS","FRA",0.711823403169352,0.712590965546182,-0.000767562376830289,-0.300171268778011,0.112743112245485
"full_common","hp1600","AUS","GBR",0.788410994924443,0.819061922639716,-0.0306509277152734,-0.304955846408619,0.0442498393553713
"full_common","hp1600","AUS","ITA",0.703465571773664,0.774641595197079,-0.0711760234234142,-0.542322999579486,0.0494795799195007
"full_common","hp1600","AUS","JPN",0.578786991861063,0.705425811500499,-0.126638819639435,-0.269032851714501,0.12248824698295
"full_common","hp1600","AUS","USA",0.679948924941732,0.745604725782031,-0.0656558008402988,-0.25594394231387,0.120477539297365
"full_common","hp1600","AUT","CAN",0.86449224422048,0.854927179685824,0.00956506453465678,-0.0758000247221161,0.285772307755126
"full_common","hp1600","AUT","CHE",0.843740530323772,0.882875677044556,-0.039135146720784,-0.0899856454861817,0.319099930269171
"full_common","hp1600","AUT","DEU",0.857538052061354,0.916908312496961,-0.059370260435607,-0.111386944830212,0.183664511136261
"full_common","hp1600","AUT","FRA",0.89241062699827,0.873100601424054,0.0193100255742163,-0.0380885537780529,0.386009411260035
"full_common","hp1600","AUT","GBR",0.905251879024897,0.881780774163521,0.0234711048613754,-0.0130892016057591,0.398699272458953
"full_common","hp1600","AUT","ITA",0.904763726308128,0.899346197700786,0.00541752860734246,-0.0402328047761934,0.241233575611692
"full_common","hp1600","AUT","JPN",0.724847034286792,0.58076629008983,0.144080744196962,0.0163676062657259,0.573914100017641
"full_common","hp1600","AUT","USA",0.77520867118165,0.732940985057852,0.0422676861237982,-0.120635595288164,0.308088940327773
"full_common","hp1600","CAN","CHE",0.799680116552963,0.849162842850173,-0.04948272629721,-0.1109582427987,0.30852930737469
"full_common","hp1600","CAN","DEU",0.8106274973324,0.879676958980453,-0.0690494616480534,-0.227756805702542,0.305392807924622
"full_common","hp1600","CAN","FRA",0.916249109442033,0.902192380831238,0.0140567286107945,-0.0620562676568801,0.161789767109466
"full_common","hp1600","CAN","GBR",0.897548234165224,0.928460406118608,-0.0309121719533838,-0.117395410030373,0.0627029259376863
"full_common","hp1600","CAN","ITA",0.863620161926218,0.871801918879625,-0.00818175695340684,-0.16570314617118,0.119360071397196
"full_common","hp1600","CAN","JPN",0.786360493305466,0.728660382887736,0.0577001104177298,-0.0313714260214215,0.428335321453976
"full_common","hp1600","CAN","USA",0.858047246716143,0.812096457535806,0.0459507891803373,-0.0254104134613884,0.271954285918094
"full_common","hp1600","CHE","DEU",0.851816508211122,0.915871088862134,-0.0640545806510121,-0.130743731264952,0.261742324565096
"full_common","hp1600","CHE","FRA",0.826271208524685,0.875082684975176,-0.0488114764504911,-0.0951218719948192,0.29392433758236
"full_common","hp1600","CHE","GBR",0.82008324134783,0.872509514616614,-0.0524262732687846,-0.102229762315345,0.348493111641994
"full_common","hp1600","CHE","ITA",0.846306036468916,0.849491339786645,-0.00318530331772904,-0.0628434052424001,0.428894328648024
"full_common","hp1600","CHE","JPN",0.72949739943642,0.67161387587576,0.0578835235606593,-0.0529130779363279,0.353224590290714
"full_common","hp1600","CHE","USA",0.765060327291188,0.714941284874337,0.0501190424168507,-0.110072989984631,0.355608633156678
"full_common","hp1600","DEU","FRA",0.852830627266048,0.885200628217478,-0.0323700009514299,-0.0662066662013374,0.337460825288743
"full_common","hp1600","DEU","GBR",0.804533769548184,0.877525511584237,-0.0729917420360523,-0.146243349675005,0.386388446520674
"full_common","hp1600","DEU","ITA",0.86245804115296,0.896604580171568,-0.0341465390186075,-0.0707034207498968,0.251374123047076
"full_common","hp1600","DEU","JPN",0.804807795803028,0.631854227151325,0.172953568651703,-0.00371685195824287,0.627644814683887
"full_common","hp1600","DEU","USA",0.761135022934147,0.712848029287681,0.0482869936464657,-0.240779388832351,0.363469760696378
"full_common","hp1600","FRA","GBR",0.922852376358511,0.87641807441409,0.0464343019444208,-0.0126143409457414,0.25634261600072
"full_common","hp1600","FRA","ITA",0.93817429214884,0.909140402733678,0.0290338894151615,-0.0469221757432864,0.116801187571668
"full_common","hp1600","FRA","JPN",0.756711602771398,0.613102839235038,0.14360876353636,0.0214702598337646,0.688191383245093
"full_common","hp1600","FRA","USA",0.845210306422121,0.806682176373985,0.0385281300481357,-0.0368355279502226,0.280839562365966
"full_common","hp1600","GBR","ITA",0.918098394635119,0.887352185871024,0.0307462087640951,-0.00885087668085929,0.296465274375212
"full_common","hp1600","GBR","JPN",0.773967836647329,0.728249458021913,0.0457183786254163,-0.0385921763088753,0.444355479343517
"full_common","hp1600","GBR","USA",0.834689323998193,0.828029381489005,0.00665994250918833,-0.0460348421853467,0.155518730420792
"full_common","hp1600","ITA","JPN",0.760420744292285,0.583527889044837,0.176892855247448,0.0277549609247984,0.737819316329979
"full_common","hp1600","ITA","USA",0.765470812496138,0.799901532307565,-0.0344307198114269,-0.292956524021921,0.119225128467228
"full_common","hp1600","JPN","USA",0.801075661664354,0.615126334337558,0.185949327326796,0.0379164195629581,0.615525633567754
"full_common","growth","AUS","AUT",0.636972312881219,0.434362925223916,0.202609387657302,-0.12774666410008,0.525550453663384
"full_common","growth","AUS","CAN",0.737842475753538,0.748595118734849,-0.0107526429813112,-0.365428779377894,0.412655581588881
"full_common","growth","AUS","CHE",0.605068014481314,0.61465755936111,-0.00958954487979646,-0.199063480298826,0.261622504234313
"full_common","growth","AUS","DEU",0.626014760031465,0.596463750683589,0.0295510093478761,-0.232271754457726,0.360668460436255
"full_common","growth","AUS","FRA",0.647332201381581,0.590107308609238,0.0572248927723434,-0.277140672107762,0.288616854177883
"full_common","growth","AUS","GBR",0.73993628070372,0.747511000679329,-0.00757471997560866,-0.216268128733912,0.179197645014341
"full_common","growth","AUS","ITA",0.668142533465495,0.632249016044268,0.0358935174212272,-0.29351730691594,0.17990836179168
"full_common","growth","AUS","JPN",0.616590651443036,0.700864969076005,-0.0842743176329691,-0.240409065335307,0.0999187529579363
"full_common","growth","AUS","USA",0.733366738064456,0.781527735391192,-0.0481609973267357,-0.13984894377797,0.189041751670048
"full_common","growth","AUT","CAN",0.859599893872899,0.806958446533502,0.0526414473393968,-0.26082365850328,0.333731367717969
"full_common","growth","AUT","CHE",0.845032213512219,0.885322793293939,-0.0402905797817193,-0.262342262564294,0.401595990194385
"full_common","growth","AUT","DEU",0.848374385985759,0.876989685513012,-0.0286152995272522,-0.301117775394427,0.39167153044858
"full_common","growth","AUT","FRA",0.90442566952537,0.834151329271122,0.0702743402542479,-0.0678264775138096,0.568956554024268
"full_common","growth","AUT","GBR",0.937306930451267,0.828465916473129,0.108841013978138,0.0386538421811469,0.603925816437201
"full_common","growth","AUT","ITA",0.903547826042397,0.850016440007506,0.0535313860348906,-0.0500729324117793,0.506856807348258
"full_common","growth","AUT","JPN",0.66996892186454,0.427656494206663,0.242312427657877,0.0396328484280105,0.596698207468463
"full_common","growth","AUT","USA",0.850639369061611,0.745583844224703,0.105055524836907,-0.204657040254823,0.362713115917973
"full_common","growth","CAN","CHE",0.824219742940601,0.846956683458555,-0.0227369405179543,-0.130375573103493,0.426328450220083
"full_common","growth","CAN","DEU",0.839588422870427,0.862876260935913,-0.023287838065486,-0.336581953257688,0.466808502202714
"full_common","growth","CAN","FRA",0.910723763697283,0.888577015426504,0.0221467482707793,-0.21093443720333,0.279097996372037
"full_common","growth","CAN","GBR",0.902908784754873,0.893865853001623,0.00904293175324933,-0.0867896955187811,0.270590148382958
"full_common","growth","CAN","ITA",0.904852352157195,0.824428061272267,0.0804242908849281,-0.0479573626298815,0.295748087783412
"full_common","growth","CAN","JPN",0.715254974070899,0.65466465343662,0.0605903206342786,-0.0456229956514885,0.419859855082389
"full_common","growth","CAN","USA",0.89427402596868,0.887350235431754,0.0069237905369266,-0.0626246803886858,0.312247968267089
"full_common","growth","CHE","DEU",0.832960866353741,0.919861555360421,-0.08690068900668,-0.296423459990454,0.547581623177984
"full_common","growth","CHE","FRA",0.8337968658773,0.884412171919396,-0.0506153060420956,-0.234263165352705,0.31258497187323
"full_common","growth","CHE","GBR",0.859768799775208,0.908201952266095,-0.0484331524908874,-0.189828633468553,0.501371762066047
"full_common","growth","CHE","ITA",0.866694242949002,0.904378556994544,-0.0376843140455415,-0.138026829029514,0.584842702676578
"full_common","growth","CHE","JPN",0.662699511261455,0.582156000641951,0.0805435106195036,-0.101364955837072,0.438015479789743
"full_common","growth","CHE","USA",0.833234181324446,0.816057727595218,0.0171764537292277,-0.151399810431513,0.466375727766563
"full_common","growth","DEU","FRA",0.874383586791875,0.876750912104753,-0.00236732531287864,-0.105788819520468,0.629252192026987
"full_common","growth","DEU","GBR",0.885149694436952,0.872127228315844,0.0130224661211082,-0.0489622468456858,0.483535903844109
"full_common","growth","DEU","ITA",0.879871041977113,0.883509480421067,-0.00363843844395417,-0.140951477191658,0.447748515803393
"full_common","growth","DEU","JPN",0.745744902806126,0.551657937742928,0.194086965063198,0.0500286003295514,0.683950064356239
"full_common","growth","DEU","USA",0.811598593788095,0.805517917606383,0.00608067618171226,-0.34232658685804,0.301244754921792
"full_common","growth","FRA","GBR",0.92538604872407,0.847962514839465,0.0774235338846051,-0.044880637067438,0.371627623150752
"full_common","growth","FRA","ITA",0.962080627132827,0.896011082116078,0.0660695450167489,0.0088677296580984,0.340204669760848
"full_common","growth","FRA","JPN",0.671664220691459,0.525186488207741,0.146477732483718,0.0441181253418663,0.664939530550117
"full_common","growth","FRA","USA",0.893185572368211,0.848273874992982,0.0449116973752295,-0.1260778082942,0.296483856794227
"full_common","growth","GBR","ITA",0.925836486298392,0.891119340877844,0.0347171454205483,-0.207492568254403,0.443621134088493
"full_common","growth","GBR","JPN",0.71540569907081,0.659753054759564,0.0556526443112461,-0.0417205022934541,0.453891271777953
"full_common","growth","GBR","USA",0.904315152481172,0.902488269155914,0.0018268833252576,-0.145484081280187,0.202341257968403
"full_common","growth","ITA","JPN",0.690108258669083,0.541312416640448,0.148795842028636,0.0489029111956919,0.509084183345471
"full_common","growth","ITA","USA",0.884392010466553,0.868666393136788,0.0157256173297654,-0.411366565113004,0.0706932384674136
"full_common","growth","JPN","USA",0.706654145274841,0.636258169809955,0.0703959754648862,-0.018580464922221,0.42229106488194
"full_common","hamilton","AUS","AUT",0.743118840341808,0.80068781021376,-0.0575689698719518,-0.198516719583202,0.088785287626175
"full_common","hamilton","AUS","CAN",0.73059802962219,0.908311654866262,-0.177713625244072,-0.412732161181954,-0.0321972682563476
"full_common","hamilton","AUS","CHE",0.589552778387143,0.745392162989745,-0.155839384602603,-0.268277399073016,0.243736833545116
"full_common","hamilton","AUS","DEU",0.49583888132414,0.706830281759562,-0.210991400435421,-0.346111125398089,0.231006834775394
"full_common","hamilton","AUS","FRA",0.722213379116397,0.763027770404205,-0.0408143912878081,-0.215804821545213,0.0821059847096016
"full_common","hamilton","AUS","GBR",0.780720249119992,0.774204998598799,0.00651525052119339,-0.108637613420356,0.179390919695541
"full_common","hamilton","AUS","ITA",0.547873651189282,0.732805528711688,-0.184931877522406,-0.618106230485853,0.0208377758837292
"full_common","hamilton","AUS","JPN",0.503214108300748,0.655408004021985,-0.152193895721238,-0.344437976482655,0.191499439161387
"full_common","hamilton","AUS","USA",0.591046268602277,0.480204701831723,0.110841566770553,-0.0518381945005064,0.324662691763909
"full_common","hamilton","AUT","CAN",0.77711608860881,0.890834893400544,-0.113718804791734,-0.285143085400354,0.112515057467179
"full_common","hamilton","AUT","CHE",0.835529284318383,0.801512153841344,0.0340171304770396,-0.0442047424695712,0.57688745099099
"full_common","hamilton","AUT","DEU",0.80312132533211,0.842803323847856,-0.0396819985157467,-0.15333854642281,0.312660612224579
"full_common","hamilton","AUT","FRA",0.876795410604467,0.897094568136903,-0.0202991575324355,-0.116316974696776,0.195740149248892
"full_common","hamilton","AUT","GBR",0.843453507218155,0.83147011133309,0.0119833958850643,-0.081735824635402,0.376545950366057
"full_common","hamilton","AUT","ITA",0.714271173031909,0.818392305275089,-0.10412113224318,-0.307377277279103,0.175344657529768
"full_common","hamilton","AUT","JPN",0.653888147032253,0.579142492941958,0.0747456540902949,-0.103290779062376,0.544692666282516
"full_common","hamilton","AUT","USA",0.61718992937307,0.529998956565892,0.0871909728071779,-0.178734874150697,0.346976596109686
"full_common","hamilton","CAN","CHE",0.671611273861053,0.797398588726856,-0.125787314865803,-0.292671205415696,0.470324690363557
"full_common","hamilton","CAN","DEU",0.655075789614654,0.80287761187232,-0.147801822257666,-0.391617258451227,0.282780124674916
"full_common","hamilton","CAN","FRA",0.926314459373873,0.899944999537219,0.0263694598366534,-0.0251940895637545,0.199588799344385
"full_common","hamilton","CAN","GBR",0.871622918869291,0.868597810556837,0.00302510831245317,-0.0996365695348386,0.23965823376436
"full_common","hamilton","CAN","ITA",0.683388977305872,0.798920949527328,-0.115531972221457,-0.379527949196765,0.191858281894532
"full_common","hamilton","CAN","JPN",0.705192891644399,0.67945930690212,0.0257335847422795,-0.281125311830579,0.452226390723873
"full_common","hamilton","CAN","USA",0.854183539091183,0.560781567207473,0.29340197188371,0.0874738906876767,0.548443271170485
"full_common","hamilton","CHE","DEU",0.740279737283687,0.807332775125779,-0.0670530378420917,-0.229672920311269,0.308519339828097
"full_common","hamilton","CHE","FRA",0.787580621342334,0.756386607646564,0.0311940136957694,-0.0972856141816892,0.551329565539785
"full_common","hamilton","CHE","GBR",0.708328917388645,0.713403171644229,-0.00507425425558305,-0.145585438183123,0.52069715434091
"full_common","hamilton","CHE","ITA",0.698110251482409,0.639724594632112,0.058385656850297,-0.124393577533377,0.654187347500467
"full_common","hamilton","CHE","JPN",0.580855350404856,0.637832669628625,-0.0569773192237681,-0.176049443738069,0.337852608040605
"full_common","hamilton","CHE","USA",0.555143629650753,0.453481799774582,0.101661829876171,-0.193936062659381,0.417209100290682
"full_common","hamilton","DEU","FRA",0.732076296256264,0.838172903329112,-0.106096607072847,-0.312116889833357,0.176466708322996
"full_common","hamilton","DEU","GBR",0.70526687527327,0.875097502418051,-0.169830627144781,-0.374774590128722,0.0488386539314431
"full_common","hamilton","DEU","ITA",0.484588603176589,0.59741634720254,-0.112827744025951,-0.370326195332965,0.507110483060816
"full_common","hamilton","DEU","JPN",0.717557886262494,0.554171252592973,0.163386633669522,-0.0677715037219155,0.610399304394812
"full_common","hamilton","DEU","USA",0.555908971681057,0.618173808392282,-0.0622648367112246,-0.499821630920162,0.183368158373756
"full_common","hamilton","FRA","GBR",0.903595984561324,0.835732465999435,0.0678635185618883,0.00197259724970158,0.294249276245805
"full_common","hamilton","FRA","ITA",0.840400071160961,0.798538947571642,0.0418611235893185,-0.0672484575102208,0.28465295091988
"full_common","hamilton","FRA","JPN",0.716248723678955,0.529073434371387,0.187175289307568,-0.0339300741393185,0.741841344897644
"full_common","hamilton","FRA","USA",0.772397275642255,0.653276938234161,0.119120337408094,-0.0386920408296517,0.284518949103275
"full_common","hamilton","GBR","ITA",0.746033458433732,0.625353391326645,0.120680067107087,-0.0467224559154334,0.564162574370653
"full_common","hamilton","GBR","JPN",0.793567671607313,0.680153974757365,0.113413696849947,-0.0107164307948463,0.448525724562681
"full_common","hamilton","GBR","USA",0.756765583583477,0.660082645578789,0.0966829380046877,0.000703207584420258,0.193738532432745
"full_common","hamilton","ITA","JPN",0.609211422622367,0.508883162117149,0.100328260505218,-0.0831819988322722,0.615013508141884
"full_common","hamilton","ITA","USA",0.546319427344048,0.356642078911881,0.189677348432168,-0.115408223900563,0.544438215884126
"full_common","hamilton","JPN","USA",0.662247052039105,0.300514158319615,0.36173289371949,0.0697575073530948,0.657383266782031
"pre_pandemic","hp1600","AUS","AUT",0.382152439778395,0.39917388198076,-0.017021442202365,-0.346316612531928,0.197829193105406
"pre_pandemic","hp1600","AUS","CAN",0.291130018627757,0.562503065330451,-0.271373046702694,-0.46592661522699,0.0477937695161746
"pre_pandemic","hp1600","AUS","CHE",0.187786012545658,0.0767056914315882,0.11108032111407,-0.170451338819174,0.347550586395862
"pre_pandemic","hp1600","AUS","DEU",0.224241204300266,0.280001303549182,-0.0557600992489159,-0.399971947222437,0.200727837397874
"pre_pandemic","hp1600","AUS","FRA",0.247288569233488,0.352083698289516,-0.104795129056028,-0.327518403501571,0.18541624900832
"pre_pandemic","hp1600","AUS","GBR",0.337902390043217,0.549230154878114,-0.211327764834897,-0.370481078769683,0.0821536479681536
"pre_pandemic","hp1600","AUS","ITA",0.0363277814072026,0.49138448697985,-0.455056705572647,-0.861533421167475,-0.137032934065245
"pre_pandemic","hp1600","AUS","JPN",0.250298879205724,0.165854986523772,0.0844438926819527,-0.16488834862601,0.390150270751417
"pre_pandemic","hp1600","AUS","USA",0.436127843673142,0.630015238399081,-0.19388739472594,-0.36306957993532,0.00122949153046801
"pre_pandemic","hp1600","AUT","CAN",0.717179058939579,0.306648301811764,0.410530757127816,0.116863082365142,0.617960443848527
"pre_pandemic","hp1600","AUT","CHE",0.750326857986605,0.321632005699638,0.428694852286968,0.117960232805689,0.714891404136177
"pre_pandemic","hp1600","AUT","DEU",0.857245493892995,0.585228133310441,0.272017360582555,0.0121399434988685,0.452394200445472
"pre_pandemic","hp1600","AUT","FRA",0.883899487722309,0.353274884155047,0.530624603567262,0.277276408572437,0.75043160934754
"pre_pandemic","hp1600","AUT","GBR",0.742727489443937,0.189428181014294,0.553299308429643,0.102204916449046,0.757427069471041
"pre_pandemic","hp1600","AUT","ITA",0.814202777347393,0.523732311737511,0.290470465609882,0.0278193940891535,0.481565660266805
"pre_pandemic","hp1600","AUT","JPN",0.647190816359921,0.0395924919786573,0.607598324381264,0.198963141012984,0.758324187531416
"pre_pandemic","hp1600","AUT","USA",0.685791222613471,0.397512706393052,0.288278516220419,-0.105155225454797,0.527623331519295
"pre_pandemic","hp1600","CAN","CHE",0.653103272445547,0.204913009388024,0.448190263057523,0.20597629157145,0.655625150155008
"pre_pandemic","hp1600","CAN","DEU",0.719423334096101,0.286253655665593,0.433169678430508,-0.0381013268597389,0.690034887155825
"pre_pandemic","hp1600","CAN","FRA",0.828795854282836,0.601217031797945,0.227578822484891,0.048932423495306,0.396963981835947
"pre_pandemic","hp1600","CAN","GBR",0.71810819105473,0.610536074797905,0.107572116256825,-0.0616681721781709,0.530147267117522
"pre_pandemic","hp1600","CAN","ITA",0.597559238865627,0.452440266673874,0.145118972191753,-0.197121011973313,0.286595674623291
"pre_pandemic","hp1600","CAN","JPN",0.692202317398944,0.278112193055982,0.414090124342962,0.131791250419608,0.582743012503449
"pre_pandemic","hp1600","CAN","USA",0.777234500923092,0.634453986193776,0.142780514729316,0.0220655150689292,0.328857699917743
"pre_pandemic","hp1600","CHE","DEU",0.784448046696753,0.468350286523177,0.316097760173576,0.059177290065245,0.65916060035891
"pre_pandemic","hp1600","CHE","FRA",0.798047436256921,0.410901509094537,0.387145927162383,0.180103948896741,0.602428578720272
"pre_pandemic","hp1600","CHE","GBR",0.71332779713899,0.266639395421961,0.446688401717029,0.151838573401585,0.595028989518109
"pre_pandemic","hp1600","CHE","ITA",0.735434514851632,0.215290230618243,0.520144284233389,0.162340649389821,0.840305216705301
"pre_pandemic","hp1600","CHE","JPN",0.602766424548116,0.29599770189652,0.306768722651595,-0.0931950615694024,0.519887704421916
"pre_pandemic","hp1600","CHE","USA",0.626618747043491,0.380060518026907,0.246558229016583,-0.0551303693851856,0.490156247563026
"pre_pandemic","hp1600","DEU","FRA",0.883326808134751,0.483161094528917,0.400165713605834,0.111255847268255,0.670529193009656
"pre_pandemic","hp1600","DEU","GBR",0.790295682677181,0.236157640989965,0.554138041687216,0.135841354761849,0.687179940903689
"pre_pandemic","hp1600","DEU","ITA",0.878650680137953,0.553423333590603,0.32522734654735,0.0901462499696989,0.54614434129866
"pre_pandemic","hp1600","DEU","JPN",0.729167909690472,0.0825074070852586,0.646660502605214,0.231854089803334,0.881302381744024
"pre_pandemic","hp1600","DEU","USA",0.610031041713546,0.543081414083393,0.0669496276301527,-0.474653468787428,0.365401977583934
"pre_pandemic","hp1600","FRA","GBR",0.772372661063303,0.443248681630754,0.329123979432549,0.0904380809220666,0.533959029921172
"pre_pandemic","hp1600","FRA","ITA",0.819909016462619,0.71508048587576,0.104828530586858,-0.142951757547795,0.244134311951078
"pre_pandemic","hp1600","FRA","JPN",0.731350963538419,0.0371991722072256,0.694151791331194,0.331341625158741,0.920417611491395
"pre_pandemic","hp1600","FRA","USA",0.744761895640504,0.531061901992472,0.213699993648032,-0.0722353980518451,0.414758253763355
"pre_pandemic","hp1600","GBR","ITA",0.725352931917252,0.325959524146379,0.399393407770873,0.111943353198409,0.510184432532938
"pre_pandemic","hp1600","GBR","JPN",0.830813831464938,0.373564408776321,0.457249422688618,0.218577265516495,0.747801777415378
"pre_pandemic","hp1600","GBR","USA",0.789184352933147,0.658931733113271,0.130252619819876,0.0293631728588935,0.303122854992509
"pre_pandemic","hp1600","ITA","JPN",0.680685932151605,-0.13651488074909,0.817200812900695,0.37961249851322,1.00375841761218
"pre_pandemic","hp1600","ITA","USA",0.539221991183521,0.578721124592697,-0.0394991334091758,-0.541063783527735,0.197799229671476
"pre_pandemic","hp1600","JPN","USA",0.716939409071053,0.19705668932111,0.519882719749943,0.231631780733022,0.774360196635471
"pre_pandemic","growth","AUS","AUT",0.220337301716097,0.197120249272439,0.0232170524436578,-0.289031091082458,0.252838714899487
"pre_pandemic","growth","AUS","CAN",0.103498149877205,0.364286151851434,-0.260788001974229,-0.450613013054677,-0.0166129487548629
"pre_pandemic","growth","AUS","CHE",0.141307745093589,0.109156127804782,0.0321516172888076,-0.214697188573558,0.225606867805182
"pre_pandemic","growth","AUS","DEU",0.00646216962522076,0.0248008451558744,-0.0183386755306536,-0.393482262867032,0.283766284900022
"pre_pandemic","growth","AUS","FRA",0.137065094776756,0.272421155260376,-0.13535606048362,-0.421635573918782,0.103651603789757
"pre_pandemic","growth","AUS","GBR",0.205749772381043,0.274534606199357,-0.0687848338183142,-0.300711163013773,0.269558900823786
"pre_pandemic","growth","AUS","ITA",0.0792082762280855,0.281472867617712,-0.202264591389626,-0.473791440249213,0.00312383411912004
"pre_pandemic","growth","AUS","JPN",0.145077854473794,0.146646029784494,-0.00156817531070011,-0.201236904949094,0.223520982748634
"pre_pandemic","growth","AUS","USA",0.270569644184588,0.30774774164119,-0.0371780974566026,-0.311829844545821,0.244389656334858
"pre_pandemic","growth","AUT","CAN",0.454763735734131,0.184769149728443,0.269994586005688,-0.114604612952647,0.486823601715713
"pre_pandemic","growth","AUT","CHE",0.451742591158575,0.169099676073216,0.282642915085359,-0.255114475260525,0.66199712326528
"pre_pandemic","growth","AUT","DEU",0.466744817201941,0.0887373437142734,0.378007473487668,-0.0338807770279995,0.626467808596445
"pre_pandemic","growth","AUT","FRA",0.647545970164298,0.0876922479950454,0.559853722169253,0.255358032753911,0.741886250106142
"pre_pandemic","growth","AUT","GBR",0.577868639254554,0.0310484426813541,0.5468201965732,0.0340954639198011,0.824573427906311
"pre_pandemic","growth","AUT","ITA",0.630505894984407,0.142495336656154,0.488010558328253,0.0814250150031053,0.704495329380798
"pre_pandemic","growth","AUT","JPN",0.365594641769659,-0.00190491600614152,0.3674995577758,-0.057314103675608,0.655027336731522
"pre_pandemic","growth","AUT","USA",0.470926829034386,0.238912753218951,0.232014075815435,-0.280704032238501,0.563308692608628
"pre_pandemic","growth","CAN","CHE",0.41842826634262,0.0643587244871399,0.35406954185548,-0.0798685040002918,0.579195770419834
"pre_pandemic","growth","CAN","DEU",0.460290061248792,0.0936937635054243,0.366596297743367,-0.134608951959282,0.603762650244335
"pre_pandemic","growth","CAN","FRA",0.572961572156537,0.316799674512284,0.256161897644253,-0.0404855173978987,0.398574585259607
"pre_pandemic","growth","CAN","GBR",0.511503393240061,0.305187270407384,0.206316122832678,-0.0816111256500406,0.502505460871827
"pre_pandemic","growth","CAN","ITA",0.512695413664192,0.359535309382249,0.153160104281944,-0.121832385827916,0.287064009420972
"pre_pandemic","growth","CAN","JPN",0.374848412628209,0.093578840764157,0.281269571864052,-0.0671494522715137,0.471428645727414
"pre_pandemic","growth","CAN","USA",0.542163165828666,0.425660371765782,0.116502794062884,-0.171957174149852,0.301080341729363
"pre_pandemic","growth","CHE","DEU",0.515491681652324,0.0155588334824028,0.499932848169921,-0.030861445475785,0.859251416484869
"pre_pandemic","growth","CHE","FRA",0.438632172510024,0.22887075927674,0.209761413233284,-0.28680556893158,0.504670605145944
"pre_pandemic","growth","CHE","GBR",0.507398727489938,0.0517768668855062,0.455621860604432,0.0575402303807406,0.670867393130359
"pre_pandemic","growth","CHE","ITA",0.565839442809752,0.0329096060123388,0.532929836797413,0.0800179054753759,0.834636171451948
"pre_pandemic","growth","CHE","JPN",0.335939066726215,0.178934264290817,0.157004802435398,-0.331915991876803,0.453346739253306
"pre_pandemic","growth","CHE","USA",0.497613702178864,0.135595435042884,0.36201826713598,-0.0658684224872651,0.602708394163016
"pre_pandemic","growth","DEU","FRA",0.626067622674427,0.0459928027540139,0.580074819920413,0.216668016734405,0.767953214853063
"pre_pandemic","growth","DEU","GBR",0.612220077284567,0.2053277646828,0.406892312601767,-0.000171706891486396,0.575473240370563
"pre_pandemic","growth","DEU","ITA",0.647654596419323,0.213403528548946,0.434251067870377,0.130996677027271,0.622381378161557
"pre_pandemic","growth","DEU","JPN",0.550308509381911,0.112772098682234,0.437536410699677,-0.0227367410298525,0.703714094818953
"pre_pandemic","growth","DEU","USA",0.315483545743851,0.263943638664326,0.0515399070795255,-0.463841379370102,0.346291170378922
"pre_pandemic","growth","FRA","GBR",0.632709968675647,0.289617473259812,0.343092495415835,-0.0048902237147492,0.489231794675433
"pre_pandemic","growth","FRA","ITA",0.687566309948422,0.475492557404682,0.21207375254374,-0.0537985017423388,0.40137238352425
"pre_pandemic","growth","FRA","JPN",0.465707950667751,-0.0738312599866918,0.539539210654443,0.172479528009828,0.825783236545487
"pre_pandemic","growth","FRA","USA",0.469218664326173,0.329128106350354,0.140090557975819,-0.30639483866158,0.373726279850949
"pre_pandemic","growth","GBR","ITA",0.680769347259288,0.305747682307024,0.375021664952264,0.0176624929014035,0.533510532577142
"pre_pandemic","growth","GBR","JPN",0.554913557856421,0.174417553997095,0.380496003859326,0.0665404141566675,0.567812608741793
"pre_pandemic","growth","GBR","USA",0.614731482854482,0.451836036509334,0.162895446345148,-0.0646204445931504,0.305358914485822
"pre_pandemic","growth","ITA","JPN",0.458256977916299,0.0251563680301138,0.433100609886185,0.0699891710394344,0.639903031932093
"pre_pandemic","growth","ITA","USA",0.422871048186107,0.49989021815116,-0.0770191699650534,-0.495907902240949,0.129419622561526
"pre_pandemic","growth","JPN","USA",0.386135134894944,0.0346343513332511,0.351500783561693,0.0110114984569537,0.50945835624324
"pre_pandemic","hamilton","AUS","AUT",0.442993402018922,0.486176011269779,-0.0431826092508566,-0.446449421431007,0.204563480727843
"pre_pandemic","hamilton","AUS","CAN",0.392552752313917,0.605253771459617,-0.2127010191457,-0.607269252228879,0.169605116148794
"pre_pandemic","hamilton","AUS","CHE",0.202213009074635,0.071761991519533,0.130451017555102,-0.237423421305045,0.499624407128559
"pre_pandemic","hamilton","AUS","DEU",0.32482928902605,0.106994534449794,0.217834754576256,-0.262432481054332,0.534063234208216
"pre_pandemic","hamilton","AUS","FRA",0.319445483099174,0.299670009592492,0.0197754735066819,-0.342789548017357,0.318177922024863
"pre_pandemic","hamilton","AUS","GBR",0.331679593280202,0.163712342236761,0.167967251043441,-0.106780784326738,0.371653526100321
"pre_pandemic","hamilton","AUS","ITA",-0.0990503563790542,0.466412309212654,-0.565462665591709,-0.920456988635213,-0.19065731153768
"pre_pandemic","hamilton","AUS","JPN",0.210762338673871,0.0566844959389586,0.154077842734912,-0.402734451341704,0.557293847533983
"pre_pandemic","hamilton","AUS","USA",0.476873170903183,0.349125289759921,0.127747881143262,-0.111296075696375,0.321972054432006
"pre_pandemic","hamilton","AUT","CAN",0.685650579481868,0.450702689488143,0.234947889993725,-0.204664682016809,0.467689051461198
"pre_pandemic","hamilton","AUT","CHE",0.747673914951872,0.120008365404041,0.627665549547831,0.259481476874876,1.05607686969791
"pre_pandemic","hamilton","AUT","DEU",0.802792801277738,0.501375152274202,0.301417649003536,0.0246441732113803,0.526208776261479
"pre_pandemic","hamilton","AUT","FRA",0.881079302834731,0.554148133958458,0.326931168876273,0.151693507746616,0.52062042391907
"pre_pandemic","hamilton","AUT","GBR",0.681980916373327,0.228896601770965,0.453084314602363,0.0721633020018839,0.666028525040283
"pre_pandemic","hamilton","AUT","ITA",0.635975799967004,0.587637956579192,0.0483378433878122,-0.277189030406449,0.331327552190052
"pre_pandemic","hamilton","AUT","JPN",0.567462730093352,-0.0768555688159971,0.644318298909349,0.13378011859887,0.900910564571364
"pre_pandemic","hamilton","AUT","USA",0.605780599519516,0.351472433009832,0.254308166509683,-0.138928575805801,0.488297931570708
"pre_pandemic","hamilton","CAN","CHE",0.519870434676579,-0.0460833001347435,0.565953734811322,0.226649276391433,1.04026623821725
"pre_pandemic","hamilton","CAN","DEU",0.70768980552708,0.151721453211188,0.555968352315891,0.131461866646004,0.755447950986614
"pre_pandemic","hamilton","CAN","FRA",0.83910208836119,0.64691867898778,0.19218340937341,-0.128345526337754,0.389094021066171
"pre_pandemic","hamilton","CAN","GBR",0.782520408539045,0.417857202319468,0.364663206219577,-0.0344237234313891,0.642697479574085
"pre_pandemic","hamilton","CAN","ITA",0.27822584054718,0.523035579654271,-0.244809739107091,-0.796141928280865,0.276437539574343
"pre_pandemic","hamilton","CAN","JPN",0.649311654430043,0.156340555000851,0.492971099429192,-0.112671986953307,0.818697378845208
"pre_pandemic","hamilton","CAN","USA",0.82231463323378,0.405459535669627,0.416855097564153,-7.31128901950321e-05,0.707921886101862
"pre_pandemic","hamilton","CHE","DEU",0.71618272864945,0.355895881079678,0.360286847569772,0.0655846926849871,0.782810602846152
"pre_pandemic","hamilton","CHE","FRA",0.747250470915089,0.07336462813305,0.673885842782039,0.268666831966781,1.12751962602743
"pre_pandemic","hamilton","CHE","GBR",0.508966891948896,0.0496759232736803,0.459290968675215,0.120570808268538,0.743847759076651
"pre_pandemic","hamilton","CHE","ITA",0.595497414030684,-0.167880354154593,0.763377768185277,0.222888221859612,1.25509615022564
"pre_pandemic","hamilton","CHE","JPN",0.474507275395968,0.141438577909552,0.333068697486417,-0.101277505306486,0.721168004515632
"pre_pandemic","hamilton","CHE","USA",0.430416058081803,0.0750332474936144,0.355382810588188,-0.0235578665903813,0.756851231963335
"pre_pandemic","hamilton","DEU","FRA",0.841534404581082,0.496684824316625,0.344849580264457,0.0305138544570816,0.594616841082632
"pre_pandemic","hamilton","DEU","GBR",0.70681753325783,0.490211750381874,0.216605782875956,-0.200466288383316,0.40113626174836
"pre_pandemic","hamilton","DEU","ITA",0.464239192214871,0.136964084746881,0.32727510746799,-0.231096081071419,0.718654881715187
"pre_pandemic","hamilton","DEU","JPN",0.629015213995611,-0.0898445905345809,0.718859804530192,0.334728777899014,0.931378553538525
"pre_pandemic","hamilton","DEU","USA",0.547820102874957,0.646328725848331,-0.0985086229733748,-0.661517626822399,0.10904290772
"pre_pandemic","hamilton","FRA","GBR",0.782350385322244,0.496398524039533,0.285951861282711,-0.0992253987396971,0.488550342290158
"pre_pandemic","hamilton","FRA","ITA",0.598766663628008,0.676632893275592,-0.0778662296475837,-0.315486052131867,0.222646866387899
"pre_pandemic","hamilton","FRA","JPN",0.676820139899927,-0.0863377373948618,0.763157877294789,0.291872702215058,1.03880459076376
"pre_pandemic","hamilton","FRA","USA",0.728760549126012,0.553756897424407,0.175003651701605,-0.14743971223471,0.277175669291042
"pre_pandemic","hamilton","GBR","ITA",0.469976831150278,0.105224764000662,0.364752067149616,-0.0271820424174411,0.563803152728127
"pre_pandemic","hamilton","GBR","JPN",0.829304972886466,0.30804014082488,0.521264832061586,0.273317467219942,0.897905131696503
"pre_pandemic","hamilton","GBR","USA",0.804836483653673,0.804845134953305,-8.65129963212308e-06,-0.206066100351577,0.0897224911703603
"pre_pandemic","hamilton","ITA","JPN",0.479435542531983,-0.19414779461229,0.673583337144273,0.171444729545995,0.833885966997508
"pre_pandemic","hamilton","ITA","USA",0.271890271278066,0.260359331482203,0.0115309397958632,-0.469698693571157,0.274578970497016
"pre_pandemic","hamilton","JPN","USA",0.638415829583555,0.116490865669342,0.521924963914213,0.228960305960953,0.873214257553225
"thesis_overlap","hp1600","AUS","AUT",0.391880719705619,0.394758279854941,-0.00287756014932206,-0.348930751318611,0.223657542706593
"thesis_overlap","hp1600","AUS","CAN",0.287589489832218,0.544690719651363,-0.257101229819145,-0.479995992920211,0.159328786029602
"thesis_overlap","hp1600","AUS","CHE",0.163587660794089,0.105899507663536,0.0576881531305532,-0.261662097172946,0.307521225387036
"thesis_overlap","hp1600","AUS","DEU",0.217447694249694,0.24527325358464,-0.0278255593349459,-0.371545759042308,0.242450432654966
"thesis_overlap","hp1600","AUS","FRA",0.254581120706433,0.341543266940485,-0.0869621462340523,-0.334196692498738,0.252508448770747
"thesis_overlap","hp1600","AUS","GBR",0.324821198296759,0.509724947247724,-0.184903748950965,-0.360576993115654,0.188500005555376
"thesis_overlap","hp1600","AUS","ITA",0.0398823046586293,0.477195493341228,-0.437313188682598,-0.827221701068661,-0.131294697931501
"thesis_overlap","hp1600","AUS","JPN",0.24068948610311,0.154984807913999,0.0857046781891113,-0.178104197687583,0.424008889870729
"thesis_overlap","hp1600","AUS","USA",0.441814322768688,0.611774423888393,-0.169960101119704,-0.347001046050129,0.0711372819504312
"thesis_overlap","hp1600","AUT","CAN",0.817071931167179,0.301288921484051,0.515783009683128,0.308859926720932,0.750975816396607
"thesis_overlap","hp1600","AUT","CHE",0.794680110895272,0.403692034879134,0.390988076016138,0.114612997685379,0.687295889153973
"thesis_overlap","hp1600","AUT","DEU",0.878963305579089,0.564075216383624,0.314888089195465,0.050233027578143,0.518897283741872
"thesis_overlap","hp1600","AUT","FRA",0.914149568054946,0.319800317709016,0.59434925034593,0.344371902845758,0.840555706093838
"thesis_overlap","hp1600","AUT","GBR",0.788814570042699,0.171575764152663,0.617238805890037,0.302335984369641,0.829575301935918
"thesis_overlap","hp1600","AUT","ITA",0.824315324332062,0.483468480545473,0.340846843786589,0.0469885811546651,0.532181802535479
"thesis_overlap","hp1600","AUT","JPN",0.681894941846868,0.0791000642358388,0.602794877611029,0.168642823287729,0.75632275877716
"thesis_overlap","hp1600","AUT","USA",0.751888938590134,0.469050313857473,0.282838624732661,-0.0628207206105708,0.509763378605729
"thesis_overlap","hp1600","CAN","CHE",0.700721990077477,0.261562226487623,0.439159763589854,0.159276872022734,0.686799288208484
"thesis_overlap","hp1600","CAN","DEU",0.794641160351433,0.312444065695094,0.482197094656339,-0.0272511064072383,0.755595443707097
"thesis_overlap","hp1600","CAN","FRA",0.86987470699819,0.660561324632671,0.209313382365519,0.0283948564563173,0.350737133944341
"thesis_overlap","hp1600","CAN","GBR",0.792383855924726,0.677199860813531,0.115183995111195,-0.0355782594559984,0.575752588383653
"thesis_overlap","hp1600","CAN","ITA",0.76152189387796,0.507862619211176,0.253659274666784,-0.00212060072635597,0.378514148140868
"thesis_overlap","hp1600","CAN","JPN",0.754575098934452,0.255572344424115,0.499002754510336,0.283065504519796,0.668097946780203
"thesis_overlap","hp1600","CAN","USA",0.826791846943709,0.672793069906981,0.153998777036728,0.0416463918493202,0.329005028767736
"thesis_overlap","hp1600","CHE","DEU",0.816978078607222,0.482947363844336,0.334030714762887,0.101114549084209,0.754154251146535
"thesis_overlap","hp1600","CHE","FRA",0.840956946127584,0.403891048825143,0.437065897302441,0.243759375629691,0.720268181631513
"thesis_overlap","hp1600","CHE","GBR",0.743261276624154,0.214203414090127,0.529057862534027,0.299690283824774,0.700784449874116
"thesis_overlap","hp1600","CHE","ITA",0.807094128934398,0.19255409383519,0.614540035099208,0.231307677718358,1.05499316247063
"thesis_overlap","hp1600","CHE","JPN",0.6211003877372,0.38913472159985,0.23196566613735,-0.226553710305241,0.434564236982681
"thesis_overlap","hp1600","CHE","USA",0.638035381230737,0.343712133305877,0.29432324792486,-0.00302641274123128,0.585277808824016
"thesis_overlap","hp1600","DEU","FRA",0.915188990681889,0.452355386202049,0.46283360447984,0.172584383692326,0.755381086765747
"thesis_overlap","hp1600","DEU","GBR",0.78611650765018,0.259654465544012,0.526462042106168,0.0572447524548927,0.691750634126616
"thesis_overlap","hp1600","DEU","ITA",0.900802128146018,0.505248382780482,0.395553745365536,0.127667778542425,0.633422958542124
"thesis_overlap","hp1600","DEU","JPN",0.741157939964833,0.114025870565547,0.627132069399286,0.182255291444961,0.852509659666677
"thesis_overlap","hp1600","DEU","USA",0.640509116465161,0.589255921343659,0.0512531951215017,-0.485327796275043,0.337738687605006
"thesis_overlap","hp1600","FRA","GBR",0.819027247647781,0.468539261257793,0.350487986389989,0.145012467178294,0.579809446569102
"thesis_overlap","hp1600","FRA","ITA",0.893079133523235,0.727656855786023,0.165422277737212,0.0229147408786653,0.280450127064542
"thesis_overlap","hp1600","FRA","JPN",0.764033625842304,0.0435161058006275,0.720517520041676,0.384497236614144,0.928880062937725
"thesis_overlap","hp1600","FRA","USA",0.78034282135084,0.562541198042226,0.217801623308614,-0.0576922445987268,0.39806723892915
"thesis_overlap","hp1600","GBR","ITA",0.778278561722449,0.329965160806941,0.448313400915507,0.198095378054058,0.592878033591071
"thesis_overlap","hp1600","GBR","JPN",0.837928695593759,0.387278877638577,0.450649817955182,0.210614320107001,0.747638945410209
"thesis_overlap","hp1600","GBR","USA",0.823960747766659,0.702544271759845,0.121416476006814,0.0206150603900158,0.322280133729228
"thesis_overlap","hp1600","ITA","JPN",0.741390860952379,-0.129809854184069,0.871200715136448,0.413731899204481,1.06503529173663
"thesis_overlap","hp1600","ITA","USA",0.626504377645133,0.639629121303725,-0.0131247436585927,-0.463788058802927,0.226904756264454
"thesis_overlap","hp1600","JPN","USA",0.75192257474021,0.219493972363877,0.532428602376334,0.252278712419142,0.776572634522856
"thesis_overlap","growth","AUS","AUT",0.235940137579546,0.219281248974845,0.0166588886047013,-0.365665101698017,0.304912694618832
"thesis_overlap","growth","AUS","CAN",0.115880918633823,0.357900666375181,-0.242019747741358,-0.442193181695254,0.0293381132263112
"thesis_overlap","growth","AUS","CHE",0.134264993446987,0.0659924023602156,0.0682725910867714,-0.234775020937753,0.260847475059989
"thesis_overlap","growth","AUS","DEU",0.0214308043443523,0.076134397430744,-0.0547035930863916,-0.475396904274715,0.290588408174447
"thesis_overlap","growth","AUS","FRA",0.147900157033366,0.258209594641459,-0.110309437608093,-0.467013398496357,0.204842701296978
"thesis_overlap","growth","AUS","GBR",0.226657436615271,0.277651401760862,-0.0509939651455908,-0.31055371529367,0.38439532898469
"thesis_overlap","growth","AUS","ITA",0.136002302781937,0.288067749650759,-0.152065446868823,-0.445075326840555,0.0996235834758879
"thesis_overlap","growth","AUS","JPN",0.147349560280032,0.109300030350833,0.038049529929199,-0.187122994984632,0.298721305049179
"thesis_overlap","growth","AUS","USA",0.309326639167234,0.337423401607307,-0.0280967624400733,-0.33237695840214,0.298292593198882
"thesis_overlap","growth","AUT","CAN",0.511033177674491,0.208689880417754,0.302343297256737,-0.139614369921461,0.523535645608893
"thesis_overlap","growth","AUT","CHE",0.509750702629604,0.159936444873013,0.349814257756592,-0.244560443496935,0.786156260887429
"thesis_overlap","growth","AUT","DEU",0.45786395398789,0.120884775369269,0.336979178618622,-0.160154174647401,0.616267911734996
"thesis_overlap","growth","AUT","FRA",0.662538758076935,0.093302900250928,0.569235857826007,0.212613009470008,0.760964262798007
"thesis_overlap","growth","AUT","GBR",0.606679945338561,0.0285012539603488,0.578178691378212,0.0331364389028375,0.876908602826613
"thesis_overlap","growth","AUT","ITA",0.665031341023182,0.202928761350446,0.462102579672736,0.0103409084219867,0.700683097486915
"thesis_overlap","growth","AUT","JPN",0.336469268235099,0.0142231766372559,0.322246091597843,-0.206145765042988,0.689077387392081
"thesis_overlap","growth","AUT","USA",0.528448161673433,0.306036411561135,0.222411750112297,-0.336032326979135,0.577223042652019
"thesis_overlap","growth","CAN","CHE",0.446078120838414,0.0586166100325501,0.387461510805864,-0.163332267967428,0.618395499321525
"thesis_overlap","growth","CAN","DEU",0.520718754961161,0.145275850151859,0.375442904809302,-0.206965678767779,0.633669644449288
"thesis_overlap","growth","CAN","FRA",0.615376288904876,0.359109853266655,0.256266435638221,-0.0462445704371497,0.380154335291743
"thesis_overlap","growth","CAN","GBR",0.566726598716865,0.386950233917703,0.179776364799162,-0.154082836357194,0.521622131960389
"thesis_overlap","growth","CAN","ITA",0.560682479303583,0.408351963151135,0.152330516152448,-0.175646633968119,0.286503188765995
"thesis_overlap","growth","CAN","JPN",0.395953349865443,0.0908573515804139,0.305095998285029,-0.194261743063427,0.528723651503804
"thesis_overlap","growth","CAN","USA",0.579880633346806,0.467225859929894,0.112654773416912,-0.215966431158207,0.308820007347273
"thesis_overlap","growth","CHE","DEU",0.553418282915511,0.0505390279690633,0.502879254946448,-0.0688260872343805,0.922638768726488
"thesis_overlap","growth","CHE","FRA",0.502968255008254,0.158609482864242,0.344358772144012,-0.143083347662796,0.584653805663266
"thesis_overlap","growth","CHE","GBR",0.551586313364938,0.0577927673095222,0.493793546055416,0.106083725191766,0.725015854940694
"thesis_overlap","growth","CHE","ITA",0.607709620126018,-0.0127140801463519,0.62042370027237,0.179681529456491,0.929023198492014
"thesis_overlap","growth","CHE","JPN",0.345763204066188,0.154470355017792,0.191292849048396,-0.368173090548054,0.501000789770644
"thesis_overlap","growth","CHE","USA",0.523933534244461,0.184634420784952,0.339299113459509,-0.130352666484694,0.595488593936457
"thesis_overlap","growth","DEU","FRA",0.641962564646447,0.0521283472541051,0.589834217392342,0.16662382027262,0.801865725553092
"thesis_overlap","growth","DEU","GBR",0.606444180946142,0.230291756900207,0.376152424045936,-0.078552692265514,0.566528617166375
"thesis_overlap","growth","DEU","ITA",0.65582633030041,0.225118422588837,0.430707907711573,0.0826509102419651,0.665676897626398
"thesis_overlap","growth","DEU","JPN",0.549849925483935,0.0768339625607763,0.473015962923158,-0.0994444110666814,0.75094275311734
"thesis_overlap","growth","DEU","USA",0.333564423542005,0.277988120108513,0.055576303433492,-0.541009130749279,0.415964043870127
"thesis_overlap","growth","FRA","GBR",0.655220776852779,0.294400248034016,0.360820528818763,-0.0120339093473381,0.518314169545492
"thesis_overlap","growth","FRA","ITA",0.722597872713391,0.517623119471191,0.2049747532422,-0.081677656444429,0.38750973566232
"thesis_overlap","growth","FRA","JPN",0.445582425422223,-0.182922030020988,0.628504455443212,0.154622626483649,0.880683897098474
"thesis_overlap","growth","FRA","USA",0.513641728247476,0.379205384946088,0.134436343301388,-0.35447075779417,0.370691322540702
"thesis_overlap","growth","GBR","ITA",0.694948287947197,0.327598838170367,0.36734944977683,0.0199477276674803,0.537408118565618
"thesis_overlap","growth","GBR","JPN",0.573145312996892,0.152083831551166,0.421061481445726,0.0541086972170315,0.61584203636337
"thesis_overlap","growth","GBR","USA",0.641188233216874,0.48924391929491,0.151944313921965,-0.0621064107035814,0.291083084551354
"thesis_overlap","growth","ITA","JPN",0.482574901535775,0.00250027585376186,0.480074625682013,0.0823445081888148,0.679336230763639
"thesis_overlap","growth","ITA","USA",0.454067318942069,0.56692483639828,-0.112857517456212,-0.561313214314644,0.112937933810372
"thesis_overlap","growth","JPN","USA",0.427679927861955,0.0200900557064954,0.40758987215546,0.0781271511253529,0.549491281578512
"thesis_overlap","hamilton","AUS","AUT",0.412822553158151,0.578119692512822,-0.165297139354671,-0.591668392486967,0.123552158251216
"thesis_overlap","hamilton","AUS","CAN",0.370416521397851,0.63995824449826,-0.269541723100409,-0.653511189904656,0.175885883273918
"thesis_overlap","hamilton","AUS","CHE",0.191198261672679,0.0627961574867733,0.128402104185905,-0.233234337378093,0.47716393795561
"thesis_overlap","hamilton","AUS","DEU",0.30492062288665,0.0418999024908019,0.263020720395848,-0.133000485067484,0.57643632237644
"thesis_overlap","hamilton","AUS","FRA",0.271211158423872,0.399863347417343,-0.128652188993471,-0.551769955698847,0.320770674869579
"thesis_overlap","hamilton","AUS","GBR",0.35588737676314,0.256855157901146,0.099032218861994,-0.262382730714053,0.44178552928156
"thesis_overlap","hamilton","AUS","ITA",-0.17315619363319,0.473812115148425,-0.646968308781616,-1.00043118121305,-0.222616559626351
"thesis_overlap","hamilton","AUS","JPN",0.224630671541742,0.0053590422977112,0.21927162924403,-0.316158575164345,0.723418291557624
"thesis_overlap","hamilton","AUS","USA",0.505428391251424,0.491127071202432,0.0143013200489913,-0.282679763754107,0.268196250075256
"thesis_overlap","hamilton","AUT","CAN",0.610629734580104,0.404289576436476,0.206340158143627,-0.31302130855767,0.718235047498865
"thesis_overlap","hamilton","AUT","CHE",0.824658019775045,0.32112152073876,0.503536499036285,0.149271612473614,0.920161835216181
"thesis_overlap","hamilton","AUT","DEU",0.79731186299568,0.274009100991587,0.523302762004093,0.114971819257344,0.873667982379819
"thesis_overlap","hamilton","AUT","FRA",0.871838611357259,0.473221435618009,0.39861717573925,0.229424433764807,0.615925110614524
"thesis_overlap","hamilton","AUT","GBR",0.649893339860387,-0.0271239949344886,0.677017334794876,0.323304083050892,0.908367366497895
"thesis_overlap","hamilton","AUT","ITA",0.563922869985872,0.590017225742097,-0.0260943557562243,-0.526192748049762,0.258876165362025
"thesis_overlap","hamilton","AUT","JPN",0.612508152928968,0.0174060658158619,0.595102087113107,0.144725511806387,0.886215775159805
"thesis_overlap","hamilton","AUT","USA",0.561180823618538,0.26788486662589,0.293295956992649,-0.172545851496832,0.654076430040945
"thesis_overlap","hamilton","CAN","CHE",0.551368867237418,0.0901096245799501,0.461259242657468,0.253237391748664,0.712932433602176
"thesis_overlap","hamilton","CAN","DEU",0.745370596057578,0.148978742363404,0.596391853694175,0.268583296905099,0.785821920535834
"thesis_overlap","hamilton","CAN","FRA",0.807705205380096,0.697343633083154,0.110361572296943,-0.286662294047474,0.608672284522163
"thesis_overlap","hamilton","CAN","GBR",0.804926531308696,0.521861086470479,0.283065444838218,-0.0168012383714433,0.495415252482741
"thesis_overlap","hamilton","CAN","ITA",0.17998161082585,0.485881143293644,-0.305899532467795,-0.928318712017637,0.29578716364608
"thesis_overlap","hamilton","CAN","JPN",0.730559210504897,0.190638473294076,0.539920737210822,0.1220284886863,0.887834417324374
"thesis_overlap","hamilton","CAN","USA",0.85412758392884,0.561836288599249,0.292291295329591,0.0207997568618007,0.46056778652412
"thesis_overlap","hamilton","CHE","DEU",0.741278418744809,0.653415168117152,0.087863250627657,-0.200202520904633,0.490030051185183
"thesis_overlap","hamilton","CHE","FRA",0.832089178471267,0.237458276188425,0.594630902282843,0.286676711568903,1.05644280120886
"thesis_overlap","hamilton","CHE","GBR",0.595148471268136,0.0133717644214653,0.58177670684667,0.365487093253152,0.808552507919469
"thesis_overlap","hamilton","CHE","ITA",0.557656169194263,-0.121416738970526,0.679072908164789,0.167839880389272,1.22654975090248
"thesis_overlap","hamilton","CHE","JPN",0.526829457829157,0.154791989354025,0.372037468475132,-0.0337793882588239,0.718995228179546
"thesis_overlap","hamilton","CHE","USA",0.532172673452375,0.253944664888317,0.278228008564059,0.0314577615649536,0.524911240747126
"thesis_overlap","hamilton","DEU","FRA",0.881301966303115,0.290682139924592,0.590619826378523,0.192131888352682,0.940699912938574
"thesis_overlap","hamilton","DEU","GBR",0.665448637499356,0.326056931381119,0.339391706118236,0.0566816309919333,0.614208088689567
"thesis_overlap","hamilton","DEU","ITA",0.336732483728355,-0.128195079352971,0.464927563081325,-0.0800802474693235,0.779330942878749
"thesis_overlap","hamilton","DEU","JPN",0.640360922421246,0.314950959722923,0.325409962698323,0.0510655177394659,0.558670655858715
"thesis_overlap","hamilton","DEU","USA",0.566692928915035,0.553660592943968,0.0130323359710667,-0.291598906448038,0.191417741372776
"thesis_overlap","hamilton","FRA","GBR",0.789222466435458,0.273148850064459,0.516073616370998,0.261542023911111,0.726333605977598
"thesis_overlap","hamilton","FRA","ITA",0.547128903103158,0.691021228754564,-0.143892325651406,-0.565240395287307,0.143997950510523
"thesis_overlap","hamilton","FRA","JPN",0.760221210283633,0.066552774246477,0.693668436037156,0.297623489910045,0.99328301418817
"thesis_overlap","hamilton","FRA","USA",0.708134079968957,0.435919619773453,0.272214460195504,-0.0738572521164459,0.493296301899839
"thesis_overlap","hamilton","GBR","ITA",0.417586799176994,-0.0244629733837938,0.442049772560788,0.0712586446608366,0.604175685936312
"thesis_overlap","hamilton","GBR","JPN",0.87236108840344,0.601508116296817,0.270852972106622,0.113771774571546,0.595759646308475
"thesis_overlap","hamilton","GBR","USA",0.799553998324595,0.800875954962952,-0.00132195663835721,-0.0898322058992664,0.193089670922093
"thesis_overlap","hamilton","ITA","JPN",0.425461629506076,-0.182205152994477,0.607666782500553,0.243454509209179,0.775836682586036
"thesis_overlap","hamilton","ITA","USA",0.197049772944203,0.165728929041294,0.0313208439029094,-0.437164577429483,0.320720798848083
"thesis_overlap","hamilton","JPN","USA",0.726888103745322,0.442757374123661,0.284130729621661,0.0479833782515253,0.673625953469986
"post_thesis","hp1600","AUS","AUT",0.831898747621393,0.693956133158849,0.137942614462544,-0.00904300291128742,0.579632277390684
"post_thesis","hp1600","AUS","CAN",0.894986257272677,0.888788072266536,0.00619818500614033,-0.378567775249329,0.096385027385594
"post_thesis","hp1600","AUS","CHE",0.835388572645845,0.769016954440507,0.0663716182053384,-0.160687759286492,0.248180297838917
"post_thesis","hp1600","AUS","DEU",0.848632515857661,0.784670800539171,0.0639617153184895,-0.166936292369642,0.155676639495473
"post_thesis","hp1600","AUS","FRA",0.815110374757535,0.753647757463314,0.0614626172942205,-0.255638583733479,0.211618412345988
"post_thesis","hp1600","AUS","GBR",0.878343715991293,0.848901309916905,0.0294424060743872,-0.143970453012432,0.0962857772662593
"post_thesis","hp1600","AUS","ITA",0.879089098700546,0.8186155645583,0.0604735341422468,-0.109170703044603,0.193819852582795
"post_thesis","hp1600","AUS","JPN",0.874026503534491,0.910850638493887,-0.0368241349593967,-0.333848189606211,-0.00383857350794636
"post_thesis","hp1600","AUS","USA",0.8402464439024,0.777729294540603,0.0625171493617972,-0.290213953046942,0.367785903762825
"post_thesis","hp1600","AUT","CAN",0.914403177157889,0.904470951519767,0.00993222563812157,-0.218517517871631,0.0721108772335499
"post_thesis","hp1600","AUT","CHE",0.912008813862944,0.933477428124965,-0.0214686142620206,-0.168919359831623,0.16152836838408
"post_thesis","hp1600","AUT","DEU",0.91994883550546,0.942199003341205,-0.0222501678357447,-0.153137383174975,0.063150162595699
"post_thesis","hp1600","AUT","FRA",0.896349826841003,0.920692211379292,-0.0243423845382882,-0.332309386257992,0.0195227129937423
"post_thesis","hp1600","AUT","GBR",0.951423761374654,0.939245331065335,0.0121784303093189,-0.0289175998387814,0.11730583301435
"post_thesis","hp1600","AUT","ITA",0.93053708540964,0.946067063389012,-0.0155299779793718,-0.107804635058324,0.131014070629372
"post_thesis","hp1600","AUT","JPN",0.853637983695684,0.758593550407527,0.0950444332881569,-0.0624767637441279,0.334706778828738
"post_thesis","hp1600","AUT","USA",0.836954206056567,0.802043140966325,0.0349110650902417,-0.566647480750496,0.114548334223077
"post_thesis","hp1600","CAN","CHE",0.893651370042044,0.911146426815488,-0.0174950567734444,-0.296116701010759,0.124282537801348
"post_thesis","hp1600","CAN","DEU",0.923167246345528,0.933613509412556,-0.0104462630670284,-0.369216930575352,0.0258299862545306
"post_thesis","hp1600","CAN","FRA",0.947333134413082,0.927882067422541,0.0194510669905408,-0.153699695625973,0.0581850267089718
"post_thesis","hp1600","CAN","GBR",0.949253256491167,0.95021314424605,-0.000959887754883537,-0.129586911180934,0.0197169660335589
"post_thesis","hp1600","CAN","ITA",0.942793448062438,0.927262539423355,0.0155309086390834,-0.220923265688021,0.048170609575456
"post_thesis","hp1600","CAN","JPN",0.908177787221519,0.903361533450805,0.00481625377071404,-0.239340405026926,0.0439098422097378
"post_thesis","hp1600","CAN","USA",0.921295423575726,0.859159109620171,0.0621363139555547,-0.208697691339903,0.305020389293176
"post_thesis","hp1600","CHE","DEU",0.902515703682081,0.96173958608879,-0.0592238824067091,-0.346037319948581,-0.0114729410771145
"post_thesis","hp1600","CHE","FRA",0.88283651759481,0.926265847734806,-0.0434293301399965,-0.43885627889618,0.00745831865644822
"post_thesis","hp1600","CHE","GBR",0.930954603043374,0.935409751889575,-0.00445514884620157,-0.174084563679877,0.136168853628336
"post_thesis","hp1600","CHE","ITA",0.930330095922516,0.941750365837784,-0.0114202699152673,-0.269915710269971,0.0313116357742855
"post_thesis","hp1600","CHE","JPN",0.867872728813147,0.800082391875773,0.0677903369373739,-0.176934259786838,0.41438435588933
"post_thesis","hp1600","CHE","USA",0.880378421283601,0.793180096026288,0.0871983252573127,-0.551339994732401,0.412079451994602
"post_thesis","hp1600","DEU","FRA",0.945510970563377,0.92389228645026,0.0216186841131167,-0.357664576120449,0.056422433584633
"post_thesis","hp1600","DEU","GBR",0.96038336667141,0.93338692457206,0.0269964420993505,-0.0624806744034743,0.149589864700141
"post_thesis","hp1600","DEU","ITA",0.946206595875118,0.940209707448418,0.00599688842669943,-0.160586108613574,0.0383055596689564
"post_thesis","hp1600","DEU","JPN",0.906481657861316,0.822762957273102,0.0837187005882135,-0.126496658843241,0.195359535372295
"post_thesis","hp1600","DEU","USA",0.908740044865688,0.761856616686501,0.146883428179187,-0.600289000901683,0.29364516569518
"post_thesis","hp1600","FRA","GBR",0.943954117498164,0.915209975844479,0.0287441416536852,-0.188414099754497,0.0533244585070034
"post_thesis","hp1600","FRA","ITA",0.958947484156641,0.935022484546807,0.0239249996098336,-0.149823576204712,0.0510877354637079
"post_thesis","hp1600","FRA","JPN",0.889057925780204,0.813095262458416,0.0759626633217878,-0.210400974574164,0.232189911948203
"post_thesis","hp1600","FRA","USA",0.950089990201707,0.874373288956753,0.0757167012449536,-0.134800538216565,0.303929949406915
"post_thesis","hp1600","GBR","ITA",0.962533357186907,0.96032134411621,0.00221201307069674,-0.0574699427064972,0.0660649446090079
"post_thesis","hp1600","GBR","JPN",0.911124987815326,0.872039652412138,0.0390853354031875,-0.148658922213643,0.166852132114657
"post_thesis","hp1600","GBR","USA",0.939864673344032,0.879540859631708,0.0603238137123234,-0.403499928421397,0.205751171345853
"post_thesis","hp1600","ITA","JPN",0.909347164767301,0.856735334878059,0.0526118298892422,-0.237644246075921,0.110348292724041
"post_thesis","hp1600","ITA","USA",0.913586354784336,0.859161625171189,0.054424729613147,-0.398698328157917,0.117210429400988
"post_thesis","hp1600","JPN","USA",0.87270672432891,0.796024123186562,0.0766826011423483,-0.229460745684856,0.429456654681811
"post_thesis","growth","AUS","AUT",0.687310554156028,0.448463798758952,0.238846755397076,-0.0692092467565938,0.550324375832231
"post_thesis","growth","AUS","CAN",0.822065728847284,0.768745190284298,0.0533205385629865,-0.531680374045536,0.67396803783327
"post_thesis","growth","AUS","CHE",0.718837648993729,0.641032071950677,0.077805577043052,-0.308899418771017,0.295902805410862
"post_thesis","growth","AUS","DEU",0.771561474938443,0.634552493594707,0.137008981343736,-0.334672423824562,0.520881124852964
"post_thesis","growth","AUS","FRA",0.700342817095389,0.606026317809688,0.0943164992857017,-0.297274242774599,0.242537407143264
"post_thesis","growth","AUS","GBR",0.792758639723329,0.772371660192158,0.0203869795311712,-0.44768254124914,0.217633273575052
"post_thesis","growth","AUS","ITA",0.742582464577221,0.656704019873485,0.0858784447037356,-0.623770820119253,0.268910307344672
"post_thesis","growth","AUS","JPN",0.823445398592928,0.863228515222601,-0.0397831166296732,-0.330529871294667,0.00401168107993526
"post_thesis","growth","AUS","USA",0.815801496053457,0.823762103947731,-0.00796060789427422,-0.272547369775044,0.283746096016078
"post_thesis","growth","AUT","CAN",0.897725455941859,0.840370438100041,0.0573550178418181,-0.546281701527211,0.0954669731513065
"post_thesis","growth","AUT","CHE",0.925579512692018,0.92547591682188,0.000103595870137307,-0.449785318152209,0.0533373588313167
"post_thesis","growth","AUT","DEU",0.94434131414446,0.930252605259712,0.0140887088847483,-0.394014825021223,0.361525811674771
"post_thesis","growth","AUT","FRA",0.924606693997468,0.876171720685449,0.0484349733120192,-0.384158503090578,0.135362634928154
"post_thesis","growth","AUT","GBR",0.963511491220593,0.873056027416482,0.0904554638041113,-0.0659336051499206,0.30383968147106
"post_thesis","growth","AUT","ITA",0.929402366957341,0.890610103536727,0.0387922634206146,-0.240125571050054,0.291861431411853
"post_thesis","growth","AUT","JPN",0.835009498109386,0.539083391402983,0.295926106706403,0.098216454281677,0.835712925078193
"post_thesis","growth","AUT","USA",0.90520197044716,0.78461072151886,0.1205912489283,-0.403719910026609,0.212197612269265
"post_thesis","growth","CAN","CHE",0.913859245307474,0.874712061169234,0.0391471841382395,-0.192920230847789,0.316373663353118
"post_thesis","growth","CAN","DEU",0.922376058724696,0.900504420481638,0.0218716382430574,-0.700036443389622,0.0694770559112136
"post_thesis","growth","CAN","FRA",0.94017085558018,0.908145925007554,0.0320249305726257,-0.537388111487978,0.131618966815278
"post_thesis","growth","CAN","GBR",0.935619554334468,0.912364768790126,0.0232547855443413,-0.215757522534093,0.249761374307667
"post_thesis","growth","CAN","ITA",0.946064118933684,0.843546378437994,0.10251774049569,-0.134663682410884,0.269600487413119
"post_thesis","growth","CAN","JPN",0.88002111233237,0.802999827947444,0.0770212843849261,-0.177443372479494,0.392422171227503
"post_thesis","growth","CAN","USA",0.950254062519763,0.920302939520694,0.0299511229990684,-0.285636550657762,0.289273087828272
"post_thesis","growth","CHE","DEU",0.924428172677296,0.964673011785846,-0.0402448391085497,-0.551107628247861,-0.00585664127041631
"post_thesis","growth","CHE","FRA",0.915281485929127,0.911047111878259,0.00423437405086791,-0.71794921983499,0.0663021877067326
"post_thesis","growth","CHE","GBR",0.943778905348109,0.939067547219168,0.00471135812894141,-0.271155694771258,0.171675828916823
"post_thesis","growth","CHE","ITA",0.934610837674557,0.943844060209234,-0.00923322253467773,-0.347396556189683,0.017969164922131
"post_thesis","growth","CHE","JPN",0.836006206885266,0.703573506567754,0.132432700317512,0.0323818414710032,0.430208500466363
"post_thesis","growth","CHE","USA",0.914993591457443,0.860815132078477,0.0541784593789659,-0.521695266956314,0.238635894454377
"post_thesis","growth","DEU","FRA",0.951052464590744,0.921140977652158,0.0299114869385858,-0.524714370398785,0.20384487595193
"post_thesis","growth","DEU","GBR",0.97459876934562,0.906179401825331,0.0684193675202888,0.0302750021640803,0.578330631429508
"post_thesis","growth","DEU","ITA",0.951212254844586,0.919665283423082,0.031546971421504,-0.390763796439418,0.33590613612222
"post_thesis","growth","DEU","JPN",0.862487129328337,0.687120403793853,0.175366725534485,0.0488209458217758,0.480537075987599
"post_thesis","growth","DEU","USA",0.944000134149166,0.848236397304271,0.0957637368448955,-0.334610871871939,0.233560102305011
"post_thesis","growth","FRA","GBR",0.938122045683108,0.868927948961229,0.0691940967218794,-0.434125805220414,0.137508398042286
"post_thesis","growth","FRA","ITA",0.98382683449842,0.914612711072529,0.0692141234258907,-0.334815572898731,0.16213136022213
"post_thesis","growth","FRA","JPN",0.82011666775995,0.679048065562189,0.141068602197762,-0.138331115348747,0.309915517258998
"post_thesis","growth","FRA","USA",0.954069886757149,0.884598000291717,0.0694718864654312,-0.142708405271531,0.159947199761257
"post_thesis","growth","GBR","ITA",0.947013663208815,0.916313955553226,0.0306997076555889,-0.296843665474491,0.342735433836319
"post_thesis","growth","GBR","JPN",0.866525025227304,0.801893057093165,0.0646319681341389,-0.145988363294602,0.209404335832852
"post_thesis","growth","GBR","USA",0.956644563330956,0.934796971352405,0.0218475919785511,-0.449930909880944,0.057245860478172
"post_thesis","growth","ITA","JPN",0.829292961511078,0.681962797778196,0.147330163732882,-0.170447040995178,0.286407437784379
"post_thesis","growth","ITA","USA",0.953142483690601,0.892721115842703,0.060421367847898,-0.549674141841533,0.0964975813980417
"post_thesis","growth","JPN","USA",0.857990788112956,0.816285552638342,0.041705235474614,-0.43743747493745,0.167908583294811
"post_thesis","hamilton","AUS","AUT",0.884726139633938,0.853303129616312,0.0314230100176255,-0.0404598187090777,0.249021533625583
"post_thesis","hamilton","AUS","CAN",0.903853423898482,0.950424665569049,-0.0465712416705673,-0.481399746650147,0.0113304679002566
"post_thesis","hamilton","AUS","CHE",0.88724913297895,0.88769030785519,-0.000441174876239847,-0.0939147013713604,0.230545045126924
"post_thesis","hamilton","AUS","DEU",0.718815117687249,0.882673317689642,-0.163858200002393,-0.564708146593335,0.0869673738303828
"post_thesis","hamilton","AUS","FRA",0.869195524395084,0.870204638446887,-0.00100911405180326,-0.378500214181055,0.0618843194439981
"post_thesis","hamilton","AUS","GBR",0.910623086617292,0.89883609428312,0.0117869923341714,-0.0191221569659774,0.234105223693991
"post_thesis","hamilton","AUS","ITA",0.813915394859499,0.804733903870714,0.00918149098878496,-0.188958049670394,0.24751500903178
"post_thesis","hamilton","AUS","JPN",0.841004581173492,0.913509280525451,-0.0725046993519598,-0.194000350698385,0.0239987703011638
"post_thesis","hamilton","AUS","USA",0.818073943596394,0.713215096936945,0.104858846659449,-0.0894939039172954,0.281579260507296
"post_thesis","hamilton","AUT","CAN",0.849785495070411,0.94814078968519,-0.0983552946147787,-0.594794101956523,-0.00220914629016554
"post_thesis","hamilton","AUT","CHE",0.882320674753794,0.911052080748433,-0.0287314059946393,-0.117746269914184,0.340312739415961
"post_thesis","hamilton","AUT","DEU",0.83573524235962,0.93429709564419,-0.0985618532845695,-0.332591611429003,0.138414469703577
"post_thesis","hamilton","AUT","FRA",0.865814496051371,0.950875464299919,-0.0850609682485478,-0.52473154732336,0.00260793200765785
"post_thesis","hamilton","AUT","GBR",0.916067606213152,0.943218311312779,-0.0271507050996267,-0.0858397398819594,0.23327037946476
"post_thesis","hamilton","AUT","ITA",0.729486587434437,0.887515835020593,-0.158029247586156,-0.621336419749854,0.0164871921265326
"post_thesis","hamilton","AUT","JPN",0.804193224026687,0.85322900821538,-0.0490357841886924,-0.218642110883677,0.0811151976366733
"post_thesis","hamilton","AUT","USA",0.720682926230149,0.713493431661076,0.00718949456907303,-0.281742356326118,0.141802400665294
"post_thesis","hamilton","CAN","CHE",0.878196769796131,0.92269559150894,-0.0444988217128087,-0.240696770663065,0.23205359094828
"post_thesis","hamilton","CAN","DEU",0.633307359680855,0.933755730432311,-0.300448370751457,-0.912122892044564,-0.0429727803401205
"post_thesis","hamilton","CAN","FRA",0.967168091002597,0.950727270036265,0.0164408209663319,-0.00345690867028085,0.233728875520969
"post_thesis","hamilton","CAN","GBR",0.902455385532465,0.943212785996118,-0.0407574004636533,-0.204336958667575,0.0109120030134195
"post_thesis","hamilton","CAN","ITA",0.919828583967681,0.886157418427439,0.0336711655402416,-0.0712056699973993,0.414298668838216
"post_thesis","hamilton","CAN","JPN",0.831186045943456,0.925964924212167,-0.0947788782687103,-0.672870384578929,0.0115149712942059
"post_thesis","hamilton","CAN","USA",0.897349848688069,0.749640239500347,0.147709609187721,0.00234562063150713,0.648094521313303
"post_thesis","hamilton","CHE","DEU",0.735137626157349,0.896320839503417,-0.161183213346068,-0.47632670589079,0.524416391252146
"post_thesis","hamilton","CHE","FRA",0.868163955059482,0.909648042619088,-0.0414840875596058,-0.229236282165958,0.146902168657977
"post_thesis","hamilton","CHE","GBR",0.89783767005804,0.884379751375784,0.0134579186822565,-0.100728342642517,0.682998604105355
"post_thesis","hamilton","CHE","ITA",0.825607080231384,0.878379192570414,-0.0527721123390302,-0.513110079935071,0.109519943303861
"post_thesis","hamilton","CHE","JPN",0.809733207233401,0.850156649771709,-0.0404234425383084,-0.190242432582726,0.379644505835224
"post_thesis","hamilton","CHE","USA",0.862803847847843,0.747782781945129,0.115021065902714,-0.351043431211123,0.289862154976894
"post_thesis","hamilton","DEU","FRA",0.708196138507634,0.921020007226141,-0.212823868718507,-1.06950907485665,0.00164618438305777
"post_thesis","hamilton","DEU","GBR",0.839976016911942,0.960267914101904,-0.120291897189962,-0.469130915863083,0.0300590888135187
"post_thesis","hamilton","DEU","ITA",0.546165731439426,0.868653921474574,-0.322488190035148,-0.821274669777789,-0.0345440058091336
"post_thesis","hamilton","DEU","JPN",0.839700231610007,0.880564281824203,-0.0408640502141964,-0.1524565572638,0.433948552064869
"post_thesis","hamilton","DEU","USA",0.64473312391905,0.601586357229294,0.043146766689756,-0.541297376871908,0.274970593126788
"post_thesis","hamilton","FRA","GBR",0.931531435153211,0.92804289586031,0.00348853929290094,-0.516670337812278,0.034581372262576
"post_thesis","hamilton","FRA","ITA",0.937997421503511,0.8809802768286,0.0570171446749104,-0.0133434604369801,0.763949205412178
"post_thesis","hamilton","FRA","JPN",0.860102613915278,0.865084287189128,-0.0049816732738498,-0.352122415780103,0.0677459609393523
"post_thesis","hamilton","FRA","USA",0.900682321268984,0.795063200571341,0.105619120697643,0.0167454279860705,0.853661830792665
"post_thesis","hamilton","GBR","ITA",0.8593218078322,0.869833663323854,-0.0105118554916538,-0.141752545615405,0.428341429899874
"post_thesis","hamilton","GBR","JPN",0.935270127177733,0.896701083340266,0.0385690438374673,-0.0197036187808921,0.561701641585549
"post_thesis","hamilton","GBR","USA",0.858318294454066,0.697699027098009,0.160619267356056,-0.0094513524750246,0.34990848426422
"post_thesis","hamilton","ITA","JPN",0.804811327374203,0.876408225410897,-0.071596898036694,-0.746021144268054,0.0516616236791348
"post_thesis","hamilton","ITA","USA",0.884939525571958,0.723278362118417,0.161661163453541,-0.147179000270897,0.430552036736468
"post_thesis","hamilton","JPN","USA",0.818451863020732,0.719329422054891,0.0991224409658406,-0.339390603693571,0.264395076863788
