"method","start","end","quarters","output_correlation","consumption_correlation","gap"
"hp1600","1998-Q4","2008-Q3",40,0.450012427143859,0.378547952740555,0.0714644744033038
"hp1600","1999-Q1","2008-Q4",40,0.575850780076236,0.476922544334466,0.0989282357417701
"hp1600","1999-Q2","2009-Q1",40,0.692465750316645,0.518388956231266,0.17407679408538
"hp1600","1999-Q3","2009-Q2",40,0.737035293601481,0.529872696277109,0.207162597324372
"hp1600","1999-Q4","2009-Q3",40,0.7616181699058,0.540525756561141,0.221092413344659
"hp1600","2000-Q1","2009-Q4",40,0.770976919122801,0.539017294070427,0.231959625052373
"hp1600","2000-Q2","2010-Q1",40,0.763305143073887,0.529916574742201,0.233388568331686
"hp1600","2000-Q3","2010-Q2",40,0.752312043472595,0.51925657996906,0.233055463503534
"hp1600","2000-Q4","2010-Q3",40,0.74296393419817,0.520108363846816,0.222855570351353
"hp1600","2001-Q1","2010-Q4",40,0.752713607803087,0.522262244902525,0.230451362900562
"hp1600","2001-Q2","2011-Q1",40,0.747177012265771,0.505845230903491,0.24133178136228
"hp1600","2001-Q3","2011-Q2",40,0.753427466734066,0.502846680711112,0.250580786022954
"hp1600","2001-Q4","2011-Q3",40,0.761413191480613,0.510433856547288,0.250979334933325
"hp1600","2002-Q1","2011-Q4",40,0.765030137512448,0.510276426702403,0.254753710810045
"hp1600","2002-Q2","2012-Q1",40,0.765092836366473,0.497616471140142,0.267476365226331
"hp1600","2002-Q3","2012-Q2",40,0.764598746244287,0.489878950456557,0.274719795787729
"hp1600","2002-Q4","2012-Q3",40,0.764183669335892,0.478034776080069,0.286148893255823
"hp1600","2003-Q1","2012-Q4",40,0.764829914096288,0.463163390049723,0.301666524046565
"hp1600","2003-Q2","2013-Q1",40,0.758871544125715,0.441495399174122,0.317376144951593
"hp1600","2003-Q3","2013-Q2",40,0.752751374387994,0.425274467967361,0.327476906420633
"hp1600","2003-Q4","2013-Q3",40,0.749568576291412,0.423826890132536,0.325741686158876
"hp1600","2004-Q1","2013-Q4",40,0.753285867112098,0.421136691041988,0.33214917607011
"hp1600","2004-Q2","2014-Q1",40,0.756686665662463,0.414855966982851,0.341830698679612
"hp1600","2004-Q3","2014-Q2",40,0.756344817891397,0.397834938831354,0.358509879060043
"hp1600","2004-Q4","2014-Q3",40,0.755398029933385,0.385480709368028,0.369917320565357
"hp1600","2005-Q1","2014-Q4",40,0.755542171140464,0.375607375332692,0.379934795807772
"hp1600","2005-Q2","2015-Q1",40,0.758369644441246,0.37460539452781,0.383764249913436
"hp1600","2005-Q3","2015-Q2",40,0.755292304719564,0.376414554770398,0.378877749949166
"hp1600","2005-Q4","2015-Q3",40,0.757939823787229,0.386959714230015,0.370980109557213
"hp1600","2006-Q1","2015-Q4",40,0.758693873306684,0.389718836738955,0.368975036567729
"hp1600","2006-Q2","2016-Q1",40,0.762468475410713,0.389299917200576,0.373168558210138
"hp1600","2006-Q3","2016-Q2",40,0.76890444445272,0.386561607841817,0.382342836610902
"hp1600","2006-Q4","2016-Q3",40,0.768530499550376,0.38464081134186,0.383889688208517
"hp1600","2007-Q1","2016-Q4",40,0.76530974652579,0.38709810914537,0.37821163738042
"hp1600","2007-Q2","2017-Q1",40,0.754371496206311,0.388475202270305,0.365896293936005
"hp1600","2007-Q3","2017-Q2",40,0.739411855732373,0.369635484623554,0.36977637110882
"hp1600","2007-Q4","2017-Q3",40,0.71976080068146,0.343801246827695,0.375959553853765
"hp1600","2008-Q1","2017-Q4",40,0.700855148378461,0.295989115484812,0.40486603289365
"hp1600","2008-Q2","2018-Q1",40,0.660558067959724,0.244858443470973,0.415699624488751
"hp1600","2008-Q3","2018-Q2",40,0.61629045595003,0.232092073874806,0.384198382075224
"hp1600","2008-Q4","2018-Q3",40,0.58060948456846,0.253764324484688,0.326845160083773
"hp1600","2009-Q1","2018-Q4",40,0.582741964873488,0.244094234282571,0.338647730590916
"hp1600","2009-Q2","2019-Q1",40,0.544848292470881,0.221317574877086,0.323530717593795
"hp1600","2009-Q3","2019-Q2",40,0.471838211865135,0.199061988209691,0.272776223655445
"hp1600","2009-Q4","2019-Q3",40,0.356183351844836,0.166639623679828,0.189543728165008
"hp1600","2010-Q1","2019-Q4",40,0.253973491318366,0.179105345629045,0.0748681456893203
"hp1600","2010-Q2","2020-Q1",40,0.39641641631138,0.512271815266283,-0.115855398954903
"hp1600","2010-Q3","2020-Q2",40,0.896050670807333,0.894024531173731,0.00202613963360239
"hp1600","2010-Q4","2020-Q3",40,0.889765949841559,0.878782091348121,0.0109838584934382
"hp1600","2011-Q1","2020-Q4",40,0.887410436516448,0.870549447244579,0.0168609892718688
"hp1600","2011-Q2","2021-Q1",40,0.883798073402291,0.845906277610547,0.0378917957917431
"hp1600","2011-Q3","2021-Q2",40,0.894238680922842,0.840525777730203,0.0537129031926391
"hp1600","2011-Q4","2021-Q3",40,0.891857490464494,0.825654861595827,0.0662026288686666
"hp1600","2012-Q1","2021-Q4",40,0.899568922657589,0.839016102062932,0.0605528205946572
"hp1600","2012-Q2","2022-Q1",40,0.90367243777278,0.846376729816937,0.0572957079558431
"hp1600","2012-Q3","2022-Q2",40,0.905026213787467,0.853421245687183,0.0516049681002838
"hp1600","2012-Q4","2022-Q3",40,0.907082147025484,0.856385409092721,0.0506967379327633
"hp1600","2013-Q1","2022-Q4",40,0.908390847328323,0.855022989745346,0.0533678575829772
"hp1600","2013-Q2","2023-Q1",40,0.907367158331319,0.856368343451997,0.0509988148793223
"hp1600","2013-Q3","2023-Q2",40,0.905379642037768,0.858799242115315,0.0465803999224529
"hp1600","2013-Q4","2023-Q3",40,0.904773580232703,0.862115409576922,0.0426581706557809
"hp1600","2014-Q1","2023-Q4",40,0.904086523175484,0.864944011422701,0.0391425117527828
"hp1600","2014-Q2","2024-Q1",40,0.90552013583658,0.875663253142659,0.0298568826939209
"hp1600","2014-Q3","2024-Q2",40,0.905818529793534,0.875407875237087,0.0304106545564473
"hp1600","2014-Q4","2024-Q3",40,0.906858405649743,0.8751179856517,0.0317404199980425
"hp1600","2015-Q1","2024-Q4",40,0.908672146503208,0.875490270003004,0.0331818765002034
"hp1600","2015-Q2","2025-Q1",40,0.909451013773086,0.875368939129823,0.0340820746432631
"hp1600","2015-Q3","2025-Q2",40,0.91069258648339,0.875975640167638,0.0347169463157517
"hp1600","2015-Q4","2025-Q3",40,0.911228118624448,0.876399976181204,0.0348281424432444
"hp1600","2016-Q1","2025-Q4",40,0.911029870750585,0.876577665858774,0.0344522048918109
"hp1600","2016-Q2","2026-Q1",40,0.910491899904427,0.876420456790018,0.034071443114409
"hp1600","2016-Q3","2026-Q2",40,0.909645225895027,0.87721001875214,0.0324352071428869
"growth","1998-Q4","2008-Q3",40,0.269879343686105,0.204243562107816,0.0656357815782893
"growth","1999-Q1","2008-Q4",40,0.487195418131743,0.276303081944736,0.210892336187007
"growth","1999-Q2","2009-Q1",40,0.573911542341135,0.272880733242525,0.30103080909861
"growth","1999-Q3","2009-Q2",40,0.567811455624932,0.260686518668317,0.307124936956615
"growth","1999-Q4","2009-Q3",40,0.558016111696071,0.252315430129389,0.305700681566682
"growth","2000-Q1","2009-Q4",40,0.546245463422906,0.235832497595529,0.310412965827378
"growth","2000-Q2","2010-Q1",40,0.547667913410899,0.226431124314606,0.321236789096293
"growth","2000-Q3","2010-Q2",40,0.546278356281241,0.217956016972326,0.328322339308914
"growth","2000-Q4","2010-Q3",40,0.551550741363081,0.226793801346004,0.324756940017077
"growth","2001-Q1","2010-Q4",40,0.558596366324998,0.224129839212477,0.334466527112521
"growth","2001-Q2","2011-Q1",40,0.550651379858042,0.229962754609593,0.320688625248449
"growth","2001-Q3","2011-Q2",40,0.549025175058099,0.224852464716282,0.324172710341817
"growth","2001-Q4","2011-Q3",40,0.540270929301775,0.227372336777338,0.312898592524437
"growth","2002-Q1","2011-Q4",40,0.537685322810646,0.21402807685026,0.323657245960386
"growth","2002-Q2","2012-Q1",40,0.534431171985858,0.207007708828273,0.327423463157585
"growth","2002-Q3","2012-Q2",40,0.534960332313751,0.217231482637075,0.317728849676676
"growth","2002-Q4","2012-Q3",40,0.5342505488975,0.220537286935944,0.313713261961556
"growth","2003-Q1","2012-Q4",40,0.544711081891918,0.222127384226449,0.322583697665469
"growth","2003-Q2","2013-Q1",40,0.544685535402546,0.213419656409045,0.331265878993501
"growth","2003-Q3","2013-Q2",40,0.548860461278084,0.215259271613452,0.333601189664633
"growth","2003-Q4","2013-Q3",40,0.545914497188955,0.210889562533642,0.335024934655314
"growth","2004-Q1","2013-Q4",40,0.541381055234485,0.214477950381824,0.326903104852661
"growth","2004-Q2","2014-Q1",40,0.538042014527818,0.203655656332033,0.334386358195785
"growth","2004-Q3","2014-Q2",40,0.530769248412331,0.193109146631648,0.337660101780683
"growth","2004-Q4","2014-Q3",40,0.532941955657687,0.201694233071031,0.331247722586656
"growth","2005-Q1","2014-Q4",40,0.53319233189502,0.19544147333797,0.33775085855705
"growth","2005-Q2","2015-Q1",40,0.523849223250286,0.200294565097678,0.323554658152608
"growth","2005-Q3","2015-Q2",40,0.521605430060847,0.190742675963179,0.330862754097668
"growth","2005-Q4","2015-Q3",40,0.517647524053038,0.1912366251349,0.326410898918138
"growth","2006-Q1","2015-Q4",40,0.514893994114527,0.192665296774664,0.322228697339862
"growth","2006-Q2","2016-Q1",40,0.521057419603791,0.184079294675103,0.336978124928689
"growth","2006-Q3","2016-Q2",40,0.525060380534799,0.183904919494236,0.341155461040563
"growth","2006-Q4","2016-Q3",40,0.522064429533568,0.182349707394157,0.339714722139412
"growth","2007-Q1","2016-Q4",40,0.513084710181789,0.187816397649163,0.325268312532626
"growth","2007-Q2","2017-Q1",40,0.508860160544726,0.208712641515528,0.300147519029198
"growth","2007-Q3","2017-Q2",40,0.508133848224927,0.197051225651381,0.311082622573546
"growth","2007-Q4","2017-Q3",40,0.510299876048641,0.200582821735075,0.309717054313566
"growth","2008-Q1","2017-Q4",40,0.511775424463396,0.200783962802769,0.310991461660627
"growth","2008-Q2","2018-Q1",40,0.519794762989327,0.201304748064864,0.318490014924464
"growth","2008-Q3","2018-Q2",40,0.525278913141598,0.180027250465236,0.345251662676361
"growth","2008-Q4","2018-Q3",40,0.53089913711912,0.153858005420148,0.377041131698972
"growth","2009-Q1","2018-Q4",40,0.391710011852147,0.0741800771230642,0.317529934729083
"growth","2009-Q2","2019-Q1",40,0.134934366256607,0.0654865949552795,0.0694477713013278
"growth","2009-Q3","2019-Q2",40,0.111917675662508,0.0770058432898538,0.0349118323726538
"growth","2009-Q4","2019-Q3",40,0.110949595075826,0.073591507399665,0.0373580876761612
"growth","2010-Q1","2019-Q4",40,0.133306647162973,0.100643087410924,0.0326635597520486
"growth","2010-Q2","2020-Q1",40,0.392685206429615,0.5391617028683,-0.146476496438684
"growth","2010-Q3","2020-Q2",40,0.898197568763016,0.883214738988763,0.0149828297742531
"growth","2010-Q4","2020-Q3",40,0.916600700213671,0.907500485585653,0.00910021462801734
"growth","2011-Q1","2020-Q4",40,0.907906658946831,0.886285062750465,0.0216215961963656
"growth","2011-Q2","2021-Q1",40,0.908087684136316,0.873075981179013,0.0350117029573029
"growth","2011-Q3","2021-Q2",40,0.901175233822381,0.860023175585536,0.0411520582368442
"growth","2011-Q4","2021-Q3",40,0.892928598859806,0.826968380604662,0.0659602182551439
"growth","2012-Q1","2021-Q4",40,0.887778916128476,0.813085571928069,0.0746933442004069
"growth","2012-Q2","2022-Q1",40,0.888349945846019,0.81015716449151,0.0781927813545085
"growth","2012-Q3","2022-Q2",40,0.887001467675001,0.809893703946162,0.0771077637288384
"growth","2012-Q4","2022-Q3",40,0.887326806174628,0.810152342316344,0.077174463858284
"growth","2013-Q1","2022-Q4",40,0.88683227804957,0.809380909717095,0.0774513683324757
"growth","2013-Q2","2023-Q1",40,0.88751624086084,0.810979321662393,0.0765369191984471
"growth","2013-Q3","2023-Q2",40,0.887623051307411,0.810958371581229,0.0766646797261817
"growth","2013-Q4","2023-Q3",40,0.886394268513267,0.810881377985875,0.0755128905273916
"growth","2014-Q1","2023-Q4",40,0.886093394313579,0.811013944831157,0.0750794494824215
"growth","2014-Q2","2024-Q1",40,0.887627326297682,0.813226511976768,0.0744008143209137
"growth","2014-Q3","2024-Q2",40,0.889810395489917,0.824428386060901,0.065382009429016
"growth","2014-Q4","2024-Q3",40,0.88957141949941,0.824375138877248,0.0651962806221619
"growth","2015-Q1","2024-Q4",40,0.889997142118034,0.82457411420948,0.0654230279085545
"growth","2015-Q2","2025-Q1",40,0.892449466571486,0.824542979361231,0.067906487210255
"growth","2015-Q3","2025-Q2",40,0.892423753514183,0.824773559801899,0.067650193712284
"growth","2015-Q4","2025-Q3",40,0.891560101315059,0.824349801453357,0.0672102998617018
"growth","2016-Q1","2025-Q4",40,0.891463353698903,0.824658690795387,0.0668046629035159
"growth","2016-Q2","2026-Q1",40,0.891605170562203,0.824470377010607,0.0671347935515961
"growth","2016-Q3","2026-Q2",40,0.890140387664719,0.825065838254216,0.0650745494105038
"hamilton","1998-Q4","2008-Q3",40,0.457419499513866,0.360753487120353,0.0966660123935122
"hamilton","1999-Q1","2008-Q4",40,0.50031315204721,0.419756291961563,0.0805568600856465
"hamilton","1999-Q2","2009-Q1",40,0.574418370600574,0.463581407415911,0.110836963184663
"hamilton","1999-Q3","2009-Q2",40,0.62245914498553,0.485311218416732,0.137147926568798
"hamilton","1999-Q4","2009-Q3",40,0.673844197895745,0.496912316166089,0.176931881729657
"hamilton","2000-Q1","2009-Q4",40,0.707265591627503,0.512577543962479,0.194688047665024
"hamilton","2000-Q2","2010-Q1",40,0.724067184275567,0.515874049596252,0.208193134679315
"hamilton","2000-Q3","2010-Q2",40,0.733741447434198,0.516746182901074,0.216995264533124
"hamilton","2000-Q4","2010-Q3",40,0.736086121736291,0.513050906758922,0.22303521497737
"hamilton","2001-Q1","2010-Q4",40,0.747036475357678,0.515027824018749,0.23200865133893
"hamilton","2001-Q2","2011-Q1",40,0.74681634449876,0.515351424954175,0.231464919544585
"hamilton","2001-Q3","2011-Q2",40,0.751103341681264,0.520131547727553,0.230971793953712
"hamilton","2001-Q4","2011-Q3",40,0.754238114866172,0.526728557392689,0.227509557473483
"hamilton","2002-Q1","2011-Q4",40,0.752329962647823,0.528979053970657,0.223350908677166
"hamilton","2002-Q2","2012-Q1",40,0.745765535611926,0.519780656635448,0.225984878976478
"hamilton","2002-Q3","2012-Q2",40,0.733546071868762,0.502837939838432,0.230708132030331
"hamilton","2002-Q4","2012-Q3",40,0.723392807524866,0.483702430636531,0.239690376888335
"hamilton","2003-Q1","2012-Q4",40,0.714515273547513,0.462509057918078,0.252006215629435
"hamilton","2003-Q2","2013-Q1",40,0.694873456322099,0.424151643871014,0.270721812451085
"hamilton","2003-Q3","2013-Q2",40,0.680437996816217,0.38415412310076,0.296283873715457
"hamilton","2003-Q4","2013-Q3",40,0.675717524085817,0.353223573668142,0.322493950417675
"hamilton","2004-Q1","2013-Q4",40,0.673103388838432,0.331374903224491,0.341728485613941
"hamilton","2004-Q2","2014-Q1",40,0.671199795335701,0.313792172195269,0.357407623140432
"hamilton","2004-Q3","2014-Q2",40,0.669121661919563,0.305186920801273,0.36393474111829
"hamilton","2004-Q4","2014-Q3",40,0.668098926582995,0.303421246633536,0.364677679949459
"hamilton","2005-Q1","2014-Q4",40,0.665156664832746,0.298860241875726,0.36629642295702
"hamilton","2005-Q2","2015-Q1",40,0.665081751563055,0.29507163915845,0.370010112404605
"hamilton","2005-Q3","2015-Q2",40,0.662477246730165,0.288184986958178,0.374292259771987
"hamilton","2005-Q4","2015-Q3",40,0.663202989628703,0.287272809325683,0.375930180303019
"hamilton","2006-Q1","2015-Q4",40,0.663354536171779,0.285690582557499,0.37766395361428
"hamilton","2006-Q2","2016-Q1",40,0.664270161957805,0.288794060877529,0.375476101080275
"hamilton","2006-Q3","2016-Q2",40,0.668817882713256,0.287253347466971,0.381564535246284
"hamilton","2006-Q4","2016-Q3",40,0.670238493501103,0.282023001779966,0.388215491721137
"hamilton","2007-Q1","2016-Q4",40,0.669401993091278,0.28534675790556,0.384055235185718
"hamilton","2007-Q2","2017-Q1",40,0.666558909694616,0.289336525960944,0.377222383733673
"hamilton","2007-Q3","2017-Q2",40,0.665186862139134,0.287875871995283,0.377310990143851
"hamilton","2007-Q4","2017-Q3",40,0.666823143764809,0.287938616365536,0.378884527399272
"hamilton","2008-Q1","2017-Q4",40,0.671528580616616,0.287689827384997,0.38383875323162
"hamilton","2008-Q2","2018-Q1",40,0.680544591085087,0.294877056031766,0.385667535053322
"hamilton","2008-Q3","2018-Q2",40,0.696468499441928,0.306697182212396,0.389771317229532
"hamilton","2008-Q4","2018-Q3",40,0.713201586101799,0.320438616757319,0.39276296934448
"hamilton","2009-Q1","2018-Q4",40,0.716490369207472,0.319284911968865,0.397205457238607
"hamilton","2009-Q2","2019-Q1",40,0.711245504254433,0.300515867717755,0.410729636536678
"hamilton","2009-Q3","2019-Q2",40,0.690600644479264,0.276240425641473,0.414360218837791
"hamilton","2009-Q4","2019-Q3",40,0.650642585450436,0.244076143122064,0.406566442328372
"hamilton","2010-Q1","2019-Q4",40,0.592807722329302,0.205020428062553,0.387787294266749
"hamilton","2010-Q2","2020-Q1",40,0.509115540834839,0.3092824470642,0.199833093770638
"hamilton","2010-Q3","2020-Q2",40,0.80284423982142,0.779476321934508,0.0233679178869118
"hamilton","2010-Q4","2020-Q3",40,0.814760784948445,0.780994043642632,0.0337667413058124
"hamilton","2011-Q1","2020-Q4",40,0.826283873952918,0.790048879712594,0.036234994240324
"hamilton","2011-Q2","2021-Q1",40,0.832381242906067,0.783566964905598,0.0488142780004693
"hamilton","2011-Q3","2021-Q2",40,0.835755355613837,0.775350504177231,0.0604048514366054
"hamilton","2011-Q4","2021-Q3",40,0.825616982991364,0.762493207900277,0.0631237750910867
"hamilton","2012-Q1","2021-Q4",40,0.824237703326465,0.762069161762768,0.0621685415636967
"hamilton","2012-Q2","2022-Q1",40,0.825465842165293,0.764791408456522,0.0606744337087709
"hamilton","2012-Q3","2022-Q2",40,0.813297435825588,0.762581223373781,0.0507162124518067
"hamilton","2012-Q4","2022-Q3",40,0.812249810392922,0.765004024973074,0.0472457854198479
"hamilton","2013-Q1","2022-Q4",40,0.810689392525815,0.76716941404959,0.0435199784762246
"hamilton","2013-Q2","2023-Q1",40,0.857243908459038,0.816080177622163,0.0411637308368749
"hamilton","2013-Q3","2023-Q2",40,0.859253978544618,0.826772055711627,0.0324819228329916
"hamilton","2013-Q4","2023-Q3",40,0.859068115549699,0.843472452334257,0.0155956632154414
"hamilton","2014-Q1","2023-Q4",40,0.860041643595854,0.856770684583997,0.00327095901185757
"hamilton","2014-Q2","2024-Q1",40,0.859293580416805,0.871409124311296,-0.0121155438944911
"hamilton","2014-Q3","2024-Q2",40,0.855005863704346,0.872620136368059,-0.0176142726637132
"hamilton","2014-Q4","2024-Q3",40,0.851167364571021,0.873862457389417,-0.0226950928183964
"hamilton","2015-Q1","2024-Q4",40,0.848600500726071,0.874324483084556,-0.0257239823584849
"hamilton","2015-Q2","2025-Q1",40,0.847330849475021,0.873667768208289,-0.0263369187332678
"hamilton","2015-Q3","2025-Q2",40,0.846914136560168,0.872858381614358,-0.0259442450541899
"hamilton","2015-Q4","2025-Q3",40,0.845914096809755,0.871676682608326,-0.0257625857985716
"hamilton","2016-Q1","2025-Q4",40,0.847006575852105,0.870424774921331,-0.0234181990692262
"hamilton","2016-Q2","2026-Q1",40,0.848470384564913,0.869467206675591,-0.0209968221106778
"hamilton","2016-Q3","2026-Q2",40,0.85116778787717,0.868582187387193,-0.0174143995100237
